"","term","doi","page","author","title"
"1","disab","ackerman-chopik-2020-cross-cultural-comparisons-in-implicit-and-explicit-age-bias.pdf",14,"Lindsay S. Ackerman ...","Cross-Cultural Comparisons in Implicit a..."
"2","Impairment","albalooshi-et-al-2019-reinstating-the-resourceful-self-when-and-how-self-affirmations-improve-executive-performance-of.pdf",1,"Sumaya Albalooshi, M...","Reinstating the Resourceful Self: When a..."
"3","accessib","albalooshi-et-al-2019-reinstating-the-resourceful-self-when-and-how-self-affirmations-improve-executive-performance-of.pdf",13,"Sumaya Albalooshi, M...","Reinstating the Resourceful Self: When a..."
"4","accessib","albarracin-et-al-2018-action-dominance-the-performance-effects-of-multiple-action-demands-and-the-benefits-of-an.pdf",1,"Dolores Albarracin, ...","Action Dominance: The Performance Effect..."
"5","accessib","albarracin-et-al-2018-action-dominance-the-performance-effects-of-multiple-action-demands-and-the-benefits-of-an.pdf",2,"Dolores Albarracin, ...","Action Dominance: The Performance Effect..."
"6","accessib","albarracin-et-al-2018-action-dominance-the-performance-effects-of-multiple-action-demands-and-the-benefits-of-an.pdf",9,"Dolores Albarracin, ...","Action Dominance: The Performance Effect..."
"7","accessib","albarracin-et-al-2018-action-dominance-the-performance-effects-of-multiple-action-demands-and-the-benefits-of-an.pdf",10,"Dolores Albarracin, ...","Action Dominance: The Performance Effect..."
"8","accessib","albarracin-et-al-2020-mistaking-an-intention-for-a-behavior-the-case-of-enacting-behavioral-decisions-versus-simply.pdf",2,"Dolores Albarracin, ...","Mistaking an Intention for a Behavior: T..."
"9","accessib","albarracin-et-al-2020-mistaking-an-intention-for-a-behavior-the-case-of-enacting-behavioral-decisions-versus-simply.pdf",11,"Dolores Albarracin, ...","Mistaking an Intention for a Behavior: T..."
"10","accessib","albuja-et-al-2018-identity-denied-comparing-american-or-white-identity-denial-and-psychological-health-outcomes-among.pdf",3,"Analia F. Albuja, Di...","Identity Denied: Comparing American or W..."
"11","Handicap","allen-et-al-2019-systematic-review-and-meta-analysis-of-self-serving-attribution-biases-in-the-competitive-context-of.pdf",13,"Mark S. Allen, Davin...","Systematic Review and Meta-Analysis of S..."
"12","Handicap","allen-et-al-2019-systematic-review-and-meta-analysis-of-self-serving-attribution-biases-in-the-competitive-context-of.pdf",15,"Mark S. Allen, Davin...","Systematic Review and Meta-Analysis of S..."
"13","Handicap","allen-et-al-2019-systematic-review-and-meta-analysis-of-self-serving-attribution-biases-in-the-competitive-context-of.pdf",16,"Mark S. Allen, Davin...","Systematic Review and Meta-Analysis of S..."
"14","disab","axt-et-al-2018-reducing-social-judgment-biases-may-require-identifying-the-potential-source-of-bias.pdf",2,"Jordan R. Axt, Grace...","Reducing Social Judgment Biases May Requ..."
"15","disab","axt-et-al-2018-reducing-social-judgment-biases-may-require-identifying-the-potential-source-of-bias.pdf",13,"Jordan R. Axt, Grace...","Reducing Social Judgment Biases May Requ..."
"16","accessib","baas-et-al-2019-why-social-threat-motivates-malevolent-creativity.pdf",2,"Matthijs Baas, Marie...","Why Social Threat Motivates Malevolent C..."
"17","accessib","baas-et-al-2019-why-social-threat-motivates-malevolent-creativity.pdf",11,"Matthijs Baas, Marie...","Why Social Threat Motivates Malevolent C..."
"18","Defect","baas-et-al-2019-why-social-threat-motivates-malevolent-creativity.pdf",4,"Matthijs Baas, Marie...","Why Social Threat Motivates Malevolent C..."
"19","Defect","baas-et-al-2019-why-social-threat-motivates-malevolent-creativity.pdf",5,"Matthijs Baas, Marie...","Why Social Threat Motivates Malevolent C..."
"20","Dysfunction","banker-leary-2019-hypo-egoic-nonentitlement-as-a-feature-of-humility.pdf",14,"Chloe C. Banker and ...","Hypo-Egoic Nonentitlement as a Feature o..."
"21","Impairment","batruch-et-al-2018-school-selection-and-the-social-class-divide-how-tracking-contributes-to-the-reproduction-of.pdf",3,"Anatolia Batruch, Fr...","School Selection and the Social Class Di..."
"22","Syndrome","behler-et-al-2020-to-help-or-to-harm-assessing-the-impact-of-envy-on-prosocial-and-antisocial-behaviors.pdf",12,"Anna Maria C. Behler...","To Help or To Harm? Assessing the Impact..."
"23","accessib","bernecker-becker-2020-beyond-self-control-mechanisms-of-hedonic-goal-pursuit-and-its-relevance-for-well-being.pdf",12,"Katharina Bernecker ...","Beyond Self-Control: Mechanisms of Hedon..."
"24","accessib","bernecker-becker-2020-beyond-self-control-mechanisms-of-hedonic-goal-pursuit-and-its-relevance-for-well-being.pdf",14,"Katharina Bernecker ...","Beyond Self-Control: Mechanisms of Hedon..."
"25","accessib","bernecker-becker-2020-beyond-self-control-mechanisms-of-hedonic-goal-pursuit-and-its-relevance-for-well-being.pdf",15,"Katharina Bernecker ...","Beyond Self-Control: Mechanisms of Hedon..."
"26","accessib","berry-et-al-2020-does-mindfulness-training-without-explicit-ethics-based-instruction-promote-prosocial-behaviors-a-meta.pdf",19,"Daniel R. Berry, Jon...","Does Mindfulness Training Without Explic..."
"27","afflict","berry-et-al-2020-does-mindfulness-training-without-explicit-ethics-based-instruction-promote-prosocial-behaviors-a-meta.pdf",3,"Daniel R. Berry, Jon...","Does Mindfulness Training Without Explic..."
"28","\blame","bettinsoli-et-al-2021-the-spatial-ingroup-bias-ingroup-teams-are-positioned-where-writing-starts.pdf",1,"Maria Laura Bettinso...","The Spatial Ingroup Bias: Ingroup Teams ..."
"29","\blame","bettinsoli-et-al-2021-the-spatial-ingroup-bias-ingroup-teams-are-positioned-where-writing-starts.pdf",13,"Maria Laura Bettinso...","The Spatial Ingroup Bias: Ingroup Teams ..."
"30","\blame","bettinsoli-et-al-2021-the-spatial-ingroup-bias-ingroup-teams-are-positioned-where-writing-starts.pdf",15,"Maria Laura Bettinso...","The Spatial Ingroup Bias: Ingroup Teams ..."
"31","accessib","bettinsoli-et-al-2021-the-spatial-ingroup-bias-ingroup-teams-are-positioned-where-writing-starts.pdf",2,"Maria Laura Bettinso...","The Spatial Ingroup Bias: Ingroup Teams ..."
"32","accessib","bettinsoli-et-al-2021-the-spatial-ingroup-bias-ingroup-teams-are-positioned-where-writing-starts.pdf",3,"Maria Laura Bettinso...","The Spatial Ingroup Bias: Ingroup Teams ..."
"33","deficien","biernat-et-al-2019-gender-race-and-grant-reviews-translating-and-responding-to-research-feedback.pdf",3,"Monica Biernat, Moll...","Gender, Race, and Grant Reviews: Transla..."
"34","deficien","biernat-et-al-2019-gender-race-and-grant-reviews-translating-and-responding-to-research-feedback.pdf",5,"Monica Biernat, Moll...","Gender, Race, and Grant Reviews: Transla..."
"35","accessib","birnbaum-et-al-2017-sex-unleashes-your-tongue-sexual-priming-motivates-self-disclosure-to-a-new-acquaintance-and.pdf",2,"Gurit E. Birnbaum, M...","Sex Unleashes Your Tongue: Sexual Primin..."
"36","deficien","birnbaum-et-al-2017-sex-unleashes-your-tongue-sexual-priming-motivates-self-disclosure-to-a-new-acquaintance-and.pdf",1,"Gurit E. Birnbaum, M...","Sex Unleashes Your Tongue: Sexual Primin..."
"37","Dysfunction","birnbaum-et-al-2018-what-fantasies-can-do-to-your-relationship-the-effects-of-sexual-fantasies-on-couple-interactions.pdf",2,"Gurit E. Birnbaum, Y...","What Fantasies Can Do to Your Relationsh..."
"38","deficien","birnbaum-et-al-2018-what-fantasies-can-do-to-your-relationship-the-effects-of-sexual-fantasies-on-couple-interactions.pdf",1,"Gurit E. Birnbaum, Y...","What Fantasies Can Do to Your Relationsh..."
"39","deficien","birnbaum-et-al-2018-what-fantasies-can-do-to-your-relationship-the-effects-of-sexual-fantasies-on-couple-interactions.pdf",2,"Gurit E. Birnbaum, Y...","What Fantasies Can Do to Your Relationsh..."
"40","\blame","boothby-bohns-2020-why-a-simple-act-of-kindness-is-not-as-simple-as-it-seems-underestimating-the-positive-impact-of-our.pdf",12,"Erica J. Boothby and...","Why a Simple Act of Kindness Is Not as S..."
"41","accessib","boothby-bohns-2020-why-a-simple-act-of-kindness-is-not-as-simple-as-it-seems-underestimating-the-positive-impact-of-our.pdf",2,"Erica J. Boothby and...","Why a Simple Act of Kindness Is Not as S..."
"42","accessib","bredow-hames-2018-steadfast-standards-or-fluctuating-fancies-stability-and-change-in-people-s-mate-criteria-over-27.pdf",2,"Carrie A. Bredow and...","Steadfast Standards or Fluctuating Fanci..."
"43","accessib","brown-bernieri-2017-trait-perception-accuracy-and-acquaintance-within-groups-tracking-accuracy-development.pdf",2,"Jill A. Brown and Fr...","Trait Perception Accuracy and Acquaintan..."
"44","disab","brown-craig-2019-intergroup-inequality-heightens-reports-of-discrimination-along-alternative-identity-dimensions.pdf",11,"Riana M. Brown and M...","Intergroup Inequality Heightens Reports ..."
"45","accessib","brown-craig-2019-intergroup-inequality-heightens-reports-of-discrimination-along-alternative-identity-dimensions.pdf",4,"Riana M. Brown and M...","Intergroup Inequality Heightens Reports ..."
"46","accessib","bruk-et-al-2021-you-and-i-both-self-compassion-reduces-self-other-differences-in-evaluation-of-showing-vulnerability.pdf",5,"Anna Bruk, Sabine G....","You and I Both: Self-Compassion Reduces ..."
"47","accessib","bruk-et-al-2021-you-and-i-both-self-compassion-reduces-self-other-differences-in-evaluation-of-showing-vulnerability.pdf",10,"Anna Bruk, Sabine G....","You and I Both: Self-Compassion Reduces ..."
"48","accessib","bruneau-et-al-2017-interventions-highlighting-hypocrisy-reduce-collective-blame-of-muslims-for-individual-acts-of.pdf",4,"Emile Bruneau, Nour ...","Interventions Highlighting Hypocrisy Red..."
"49","accessib","bruneau-et-al-2017-interventions-highlighting-hypocrisy-reduce-collective-blame-of-muslims-for-individual-acts-of.pdf",18,"Emile Bruneau, Nour ...","Interventions Highlighting Hypocrisy Red..."
"50","feebl","buttrick-et-al-2020-historical-change-in-the-moral-foundations-of-political-persuasion.pdf",14,"Nicholas Buttrick, R...","Historical Change in the Moral Foundatio..."
"51","deficien","cacioppo-et-al-2017-reciprocal-influences-between-loneliness-and-self-centeredness-a-cross-lagged-panel-analysis-in-a.pdf",1,"John T. Cacioppo, Hs...","Reciprocal Influences Between Loneliness..."
"52","deficien","cacioppo-et-al-2017-reciprocal-influences-between-loneliness-and-self-centeredness-a-cross-lagged-panel-analysis-in-a.pdf",7,"John T. Cacioppo, Hs...","Reciprocal Influences Between Loneliness..."
"53","Syndrome","campbell-et-al-2020-toward-a-better-understanding-of-the-reciprocal-relations-between-adolescent-psychological-need.pdf",3,"Rachel Campbell, Maa...","Toward a Better Understanding of the Rec..."
"54","Syndrome","campbell-et-al-2020-toward-a-better-understanding-of-the-reciprocal-relations-between-adolescent-psychological-need.pdf",16,"Rachel Campbell, Maa...","Toward a Better Understanding of the Rec..."
"55","accessib","cannon-rucker-2018-the-dark-side-of-luxury-social-costs-of-luxury-consumption.pdf",7,"Christopher Cannon a...","The Dark Side of Luxury: Social Costs of..."
"56","accessib","cassidy-et-al-2017-influences-on-care-for-others-attachment-security-personal-suffering-and-similarity-between-helper.pdf",14,"Jude Cassidy, Jessic...","Influences on Care for Others: Attachmen..."
"57","\blame","chan-maglio-2019-the-voice-of-cognition-active-and-passive-voice-influence-distance-and-construal.pdf",2,"Eugene Y. Chan and S...","The Voice of Cognition: Active and Passi..."
"58","disab","choi-et-al-2020-a-cultural-perspective-on-functional-limitations-and-well-being.pdf",1,"Jeong Ha Choi, Yuri ...","A Cultural Perspective on Functional Lim..."
"59","disab","choi-et-al-2020-a-cultural-perspective-on-functional-limitations-and-well-being.pdf",2,"Jeong Ha Choi, Yuri ...","A Cultural Perspective on Functional Lim..."
"60","disab","choi-et-al-2020-a-cultural-perspective-on-functional-limitations-and-well-being.pdf",12,"Jeong Ha Choi, Yuri ...","A Cultural Perspective on Functional Lim..."
"61","disab","choi-et-al-2020-a-cultural-perspective-on-functional-limitations-and-well-being.pdf",13,"Jeong Ha Choi, Yuri ...","A Cultural Perspective on Functional Lim..."
"62","disab","choi-et-al-2020-a-cultural-perspective-on-functional-limitations-and-well-being.pdf",14,"Jeong Ha Choi, Yuri ...","A Cultural Perspective on Functional Lim..."
"63","Impairment","choi-et-al-2020-a-cultural-perspective-on-functional-limitations-and-well-being.pdf",4,"Jeong Ha Choi, Yuri ...","A Cultural Perspective on Functional Lim..."
"64","Impairment","choi-et-al-2020-a-cultural-perspective-on-functional-limitations-and-well-being.pdf",14,"Jeong Ha Choi, Yuri ...","A Cultural Perspective on Functional Lim..."
"65","functional limitation","choi-et-al-2020-a-cultural-perspective-on-functional-limitations-and-well-being.pdf",1,"Jeong Ha Choi, Yuri ...","A Cultural Perspective on Functional Lim..."
"66","functional limitation","choi-et-al-2020-a-cultural-perspective-on-functional-limitations-and-well-being.pdf",3,"Jeong Ha Choi, Yuri ...","A Cultural Perspective on Functional Lim..."
"67","functional limitation","choi-et-al-2020-a-cultural-perspective-on-functional-limitations-and-well-being.pdf",5,"Jeong Ha Choi, Yuri ...","A Cultural Perspective on Functional Lim..."
"68","functional limitation","choi-et-al-2020-a-cultural-perspective-on-functional-limitations-and-well-being.pdf",6,"Jeong Ha Choi, Yuri ...","A Cultural Perspective on Functional Lim..."
"69","functional limitation","choi-et-al-2020-a-cultural-perspective-on-functional-limitations-and-well-being.pdf",8,"Jeong Ha Choi, Yuri ...","A Cultural Perspective on Functional Lim..."
"70","functional limitation","choi-et-al-2020-a-cultural-perspective-on-functional-limitations-and-well-being.pdf",9,"Jeong Ha Choi, Yuri ...","A Cultural Perspective on Functional Lim..."
"71","functional limitation","choi-et-al-2020-a-cultural-perspective-on-functional-limitations-and-well-being.pdf",12,"Jeong Ha Choi, Yuri ...","A Cultural Perspective on Functional Lim..."
"72","of daily living","choi-et-al-2020-a-cultural-perspective-on-functional-limitations-and-well-being.pdf",1,"Jeong Ha Choi, Yuri ...","A Cultural Perspective on Functional Lim..."
"73","frail","choi-et-al-2020-a-cultural-perspective-on-functional-limitations-and-well-being.pdf",2,"Jeong Ha Choi, Yuri ...","A Cultural Perspective on Functional Lim..."
"74","frail","choi-et-al-2020-a-cultural-perspective-on-functional-limitations-and-well-being.pdf",14,"Jeong Ha Choi, Yuri ...","A Cultural Perspective on Functional Lim..."
"75","Chronic illness","chwyl-et-al-2020-beliefs-about-self-compassion-implications-for-coping-and-self-improvement.pdf",16,"Christina Chwyl, Pat...","Beliefs About Self-Compassion: Implicati..."
"76","accessib","clark-et-al-2017-positive-stereotype-validation-the-bolstering-effects-of-activating-positive-stereotypes-after.pdf",1,"Jason K. Clark, Kels...","Positive Stereotype Validation: The Bols..."
"77","accessib","clark-et-al-2017-positive-stereotype-validation-the-bolstering-effects-of-activating-positive-stereotypes-after.pdf",2,"Jason K. Clark, Kels...","Positive Stereotype Validation: The Bols..."
"78","accessib","clark-et-al-2017-positive-stereotype-validation-the-bolstering-effects-of-activating-positive-stereotypes-after.pdf",3,"Jason K. Clark, Kels...","Positive Stereotype Validation: The Bols..."
"79","accessib","clark-et-al-2017-positive-stereotype-validation-the-bolstering-effects-of-activating-positive-stereotypes-after.pdf",6,"Jason K. Clark, Kels...","Positive Stereotype Validation: The Bols..."
"80","accessib","clark-et-al-2017-positive-stereotype-validation-the-bolstering-effects-of-activating-positive-stereotypes-after.pdf",7,"Jason K. Clark, Kels...","Positive Stereotype Validation: The Bols..."
"81","accessib","clark-et-al-2017-positive-stereotype-validation-the-bolstering-effects-of-activating-positive-stereotypes-after.pdf",8,"Jason K. Clark, Kels...","Positive Stereotype Validation: The Bols..."
"82","accessib","clark-et-al-2017-positive-stereotype-validation-the-bolstering-effects-of-activating-positive-stereotypes-after.pdf",9,"Jason K. Clark, Kels...","Positive Stereotype Validation: The Bols..."
"83","accessib","clark-et-al-2017-positive-stereotype-validation-the-bolstering-effects-of-activating-positive-stereotypes-after.pdf",10,"Jason K. Clark, Kels...","Positive Stereotype Validation: The Bols..."
"84","accessib","clark-et-al-2017-positive-stereotype-validation-the-bolstering-effects-of-activating-positive-stereotypes-after.pdf",11,"Jason K. Clark, Kels...","Positive Stereotype Validation: The Bols..."
"85","accessib","clark-et-al-2017-positive-stereotype-validation-the-bolstering-effects-of-activating-positive-stereotypes-after.pdf",12,"Jason K. Clark, Kels...","Positive Stereotype Validation: The Bols..."
"86","accessib","clark-et-al-2017-positive-stereotype-validation-the-bolstering-effects-of-activating-positive-stereotypes-after.pdf",13,"Jason K. Clark, Kels...","Positive Stereotype Validation: The Bols..."
"87","accessib","cone-calanchini-2020-a-process-dissociation-model-of-implicit-rapid-revision-in-response-to-diagnostic-revelations.pdf",4,"Jeremy Cone and Jimm...","A Process Dissociation Model of Implicit..."
"88","accessib","conner-et-al-2020-cognitive-affective-inconsistency-and-ambivalence-impact-on-the-overall-attitude-behavior-relationship.pdf",1,"Mark Conner, Sarah W...","Cognitive-Affective Inconsistency and Am..."
"89","accessib","connor-et-al-2020-social-class-competence-stereotypes-are-amplified-by-socially-signaled-economic-inequality.pdf",2,"Paul Connor, Jordan ...","Social Class Competence Stereotypes Are ..."
"90","accessib","cortes-et-al-2018-perceiving-relationship-success-through-a-motivational-lens-a-regulatory-focus-perspective.pdf",13,"Kassandra Cortes, Ab...","Perceiving Relationship Success Through ..."
"91","accessib","costabile-madon-2018-downstream-effects-of-dispositional-inferences-on-confirmation-biases.pdf",9,"Kristi A. Costabile ...","Downstream Effects of Dispositional Infe..."
"92","accessib","costabile-madon-2018-downstream-effects-of-dispositional-inferences-on-confirmation-biases.pdf",10,"Kristi A. Costabile ...","Downstream Effects of Dispositional Infe..."
"93","accessib","costabile-madon-2018-downstream-effects-of-dispositional-inferences-on-confirmation-biases.pdf",13,"Kristi A. Costabile ...","Downstream Effects of Dispositional Infe..."
"94","disab","craig-et-al-2021-stereotypes-about-political-attitudes-and-coalitions-among-u-s-racial-groups-implications-for.pdf",2,"Maureen A. Craig, Li...","Stereotypes About Political Attitudes an..."
"95","accessib","craig-et-al-2021-stereotypes-about-political-attitudes-and-coalitions-among-u-s-racial-groups-implications-for.pdf",15,"Maureen A. Craig, Li...","Stereotypes About Political Attitudes an..."
"96","disab","crawford-brandt-2019-who-is-prejudiced-and-toward-whom-the-big-five-traits-and-generalized-prejudice.pdf",2,"Jarret T. Crawford a...","Who Is Prejudiced, and Toward Whom? The ..."
"97","accessib","culcea-freitas-2017-subjective-importance-as-a-cue-for-self-reference.pdf",11,"Ileana C. Culcea and...","Subjective Importance as a Cue for Self-..."
"98","disab","cundiff-et-al-2018-social-stratification-and-risk-for-cardiovascular-disease-examination-of-emotional-suppression-as-a.pdf",4,"Jenny M. Cundiff, J....","Social Stratification and Risk for Cardi..."
"99","Dysfunction","cundiff-et-al-2018-social-stratification-and-risk-for-cardiovascular-disease-examination-of-emotional-suppression-as-a.pdf",13,"Jenny M. Cundiff, J....","Social Stratification and Risk for Cardi..."
"100","Impairment","cvencek-et-al-2020-meta-analytic-use-of-balanced-identity-theory-to-validate-the-implicit-association-test.pdf",8,"Dario Cvencek, Andre...","Meta-Analytic Use of Balanced Identity T..."
"101","accessib","cvencek-et-al-2020-meta-analytic-use-of-balanced-identity-theory-to-validate-the-implicit-association-test.pdf",3,"Dario Cvencek, Andre...","Meta-Analytic Use of Balanced Identity T..."
"102","debilit","davis-et-al-2020-secrets-psychological-health-and-the-fear-of-discovery.pdf",1,"Christopher G. Davis...","Secrets, Psychological Health, and the F..."
"103","debilit","davis-et-al-2020-secrets-psychological-health-and-the-fear-of-discovery.pdf",2,"Christopher G. Davis...","Secrets, Psychological Health, and the F..."
"104","debilit","davis-et-al-2020-secrets-psychological-health-and-the-fear-of-discovery.pdf",3,"Christopher G. Davis...","Secrets, Psychological Health, and the F..."
"105","debilit","davis-et-al-2020-secrets-psychological-health-and-the-fear-of-discovery.pdf",14,"Christopher G. Davis...","Secrets, Psychological Health, and the F..."
"106","accessib","davis-et-al-2020-secrets-psychological-health-and-the-fear-of-discovery.pdf",2,"Christopher G. Davis...","Secrets, Psychological Health, and the F..."
"107","disab","dawtry-et-al-2017-derogating-innocent-victims-the-effects-of-relative-versus-absolute-character-judgments.pdf",2,"Rael J. Dawtry, Mitc...","Derogating Innocent Victims: The Effects..."
"108","disab","dawtry-et-al-2017-derogating-innocent-victims-the-effects-of-relative-versus-absolute-character-judgments.pdf",4,"Rael J. Dawtry, Mitc...","Derogating Innocent Victims: The Effects..."
"109","disab","dawtry-et-al-2017-derogating-innocent-victims-the-effects-of-relative-versus-absolute-character-judgments.pdf",11,"Rael J. Dawtry, Mitc...","Derogating Innocent Victims: The Effects..."
"110","disab","dawtry-et-al-2017-derogating-innocent-victims-the-effects-of-relative-versus-absolute-character-judgments.pdf",13,"Rael J. Dawtry, Mitc...","Derogating Innocent Victims: The Effects..."
"111","ablism","dawtry-et-al-2017-derogating-innocent-victims-the-effects-of-relative-versus-absolute-character-judgments.pdf",13,"Rael J. Dawtry, Mitc...","Derogating Innocent Victims: The Effects..."
"112","Handicap","dawtry-et-al-2017-derogating-innocent-victims-the-effects-of-relative-versus-absolute-character-judgments.pdf",14,"Rael J. Dawtry, Mitc...","Derogating Innocent Victims: The Effects..."
"113","\babled","dawtry-et-al-2017-derogating-innocent-victims-the-effects-of-relative-versus-absolute-character-judgments.pdf",13,"Rael J. Dawtry, Mitc...","Derogating Innocent Victims: The Effects..."
"114","accessib","dawtry-et-al-2019-i-blame-therefore-it-was-rape-myth-acceptance-victim-blaming-and-memory-reconstruction.pdf",14,"Rael J. Dawtry, Phil...","I Blame Therefore It Was: Rape Myth Acce..."
"115","Impairment","de-keersmaecker-et-al-2019-investigating-the-robustness-of-the-illusory-truth-effect-across-individual-differences-in.pdf",10,"Jonas De keersmaecke...","Investigating the Robustness of the Illu..."
"116","accessib","debrosse-et-al-2018-can-identity-conflicts-impede-the-success-of-ethnic-minority-students-consequences-of-discrepancies.pdf",13,"Régine Debrosse, May...","Can Identity Conflicts Impede the Succes..."
"117","Syndrome","debrosse-et-al-2018-can-identity-conflicts-impede-the-success-of-ethnic-minority-students-consequences-of-discrepancies.pdf",14,"Régine Debrosse, May...","Can Identity Conflicts Impede the Succes..."
"118","Defect","deng-et-al-2020-culture-and-patterns-of-reciprocity-the-role-of-exchange-type-regulatory-focus-and-emotions.pdf",6,"Yingli Deng, Cynthia...","Culture and Patterns of Reciprocity: The..."
"119","accessib","denning-hodges-2021-when-polarization-triggers-out-group-counter-projection-across-the-political-divide.pdf",2,"Kathryn R. Denning a...","When Polarization Triggers Out-Group Co..."
"120","accessib","denning-hodges-2021-when-polarization-triggers-out-group-counter-projection-across-the-political-divide.pdf",18,"Kathryn R. Denning a...","When Polarization Triggers Out-Group Co..."
"121","incapac","deska-et-al-2020-dehumanizing-prisoners-remaining-sentence-duration-predicts-the-ascription-of-mind-to-prisoners.pdf",2,"Jason C. Deska, Stev...","Dehumanizing Prisoners: Remaining Senten..."
"122","incapac","deska-et-al-2020-dehumanizing-prisoners-remaining-sentence-duration-predicts-the-ascription-of-mind-to-prisoners.pdf",3,"Jason C. Deska, Stev...","Dehumanizing Prisoners: Remaining Senten..."
"123","incapac","deska-et-al-2020-dehumanizing-prisoners-remaining-sentence-duration-predicts-the-ascription-of-mind-to-prisoners.pdf",6,"Jason C. Deska, Stev...","Dehumanizing Prisoners: Remaining Senten..."
"124","incapac","deska-et-al-2020-dehumanizing-prisoners-remaining-sentence-duration-predicts-the-ascription-of-mind-to-prisoners.pdf",9,"Jason C. Deska, Stev...","Dehumanizing Prisoners: Remaining Senten..."
"125","incapac","deska-et-al-2020-dehumanizing-prisoners-remaining-sentence-duration-predicts-the-ascription-of-mind-to-prisoners.pdf",10,"Jason C. Deska, Stev...","Dehumanizing Prisoners: Remaining Senten..."
"126","incapac","deska-et-al-2020-dehumanizing-prisoners-remaining-sentence-duration-predicts-the-ascription-of-mind-to-prisoners.pdf",11,"Jason C. Deska, Stev...","Dehumanizing Prisoners: Remaining Senten..."
"127","incapac","deska-et-al-2020-dehumanizing-prisoners-remaining-sentence-duration-predicts-the-ascription-of-mind-to-prisoners.pdf",12,"Jason C. Deska, Stev...","Dehumanizing Prisoners: Remaining Senten..."
"128","deficien","dietze-knowles-2020-social-class-predicts-emotion-perception-and-perspective-taking-performance-in-adults.pdf",1,"Pia Dietze and Eric ...","Social Class Predicts Emotion Perception..."
"129","Syndrome","dietze-knowles-2020-social-class-predicts-emotion-perception-and-perspective-taking-performance-in-adults.pdf",14,"Pia Dietze and Eric ...","Social Class Predicts Emotion Perception..."
"130","Dysfunction","dimuccio-knowles-2020-precarious-manhood-predicts-support-for-aggressive-policies-and-politicians.pdf",8,"Sarah H. DiMuccio an...","Precarious Manhood Predicts Support for ..."
"131","Dysfunction","dimuccio-knowles-2020-precarious-manhood-predicts-support-for-aggressive-policies-and-politicians.pdf",9,"Sarah H. DiMuccio an...","Precarious Manhood Predicts Support for ..."
"132","Dysfunction","dimuccio-knowles-2020-precarious-manhood-predicts-support-for-aggressive-policies-and-politicians.pdf",10,"Sarah H. DiMuccio an...","Precarious Manhood Predicts Support for ..."
"133","Dysfunction","dimuccio-knowles-2020-precarious-manhood-predicts-support-for-aggressive-policies-and-politicians.pdf",14,"Sarah H. DiMuccio an...","Precarious Manhood Predicts Support for ..."
"134","Dysfunction","dimuccio-knowles-2020-precarious-manhood-predicts-support-for-aggressive-policies-and-politicians.pdf",16,"Sarah H. DiMuccio an...","Precarious Manhood Predicts Support for ..."
"135","Dysfunction","dimuccio-knowles-2020-precarious-manhood-predicts-support-for-aggressive-policies-and-politicians.pdf",18,"Sarah H. DiMuccio an...","Precarious Manhood Predicts Support for ..."
"136","Dysfunction","don-hammond-2017-social-support-in-intimate-relationships-the-role-of-relationship-autonomy.pdf",13,"Brian P. Don and Mat...","Social Support in Intimate Relationships..."
"137","accessib","donald-et-al-2019-mindfulness-and-its-association-with-varied-types-of-motivation-a-systematic-review-and-meta-analysis.pdf",5,"James N. Donald, Emm...","Mindfulness and Its Association With Var..."
"138","disab","doucerain-et-al-2016-initial-mainstream-cultural-orientations-predict-early-social-participation-in-the-mainstream.pdf",13,"Marina M. Doucerain,...","Initial Mainstream Cultural Orientations..."
"139","Impairment","doucerain-et-al-2016-initial-mainstream-cultural-orientations-predict-early-social-participation-in-the-mainstream.pdf",11,"Marina M. Doucerain,...","Initial Mainstream Cultural Orientations..."
"140","accessib","doucerain-et-al-2016-initial-mainstream-cultural-orientations-predict-early-social-participation-in-the-mainstream.pdf",3,"Marina M. Doucerain,...","Initial Mainstream Cultural Orientations..."
"141","Syndrome","doucerain-et-al-2016-initial-mainstream-cultural-orientations-predict-early-social-participation-in-the-mainstream.pdf",11,"Marina M. Doucerain,...","Initial Mainstream Cultural Orientations..."
"142","Syndrome","doucerain-et-al-2016-initial-mainstream-cultural-orientations-predict-early-social-participation-in-the-mainstream.pdf",13,"Marina M. Doucerain,...","Initial Mainstream Cultural Orientations..."
"143","accessib","eastwick-et-al-2018-best-practices-for-testing-the-predictive-validity-of-ideal-partner-preference-matching.pdf",14,"Paul W. Eastwick, El...","Best Practices for Testing the Predictiv..."
"144","Dysfunction","effron-2018-it-could-have-been-true-how-counterfactual-thoughts-reduce-condemnation-of-falsehoods-and-increase.pdf",14,"Daniel A. Effron","It Could Have Been True: How Counterfact..."
"145","Dysfunction","effron-2018-it-could-have-been-true-how-counterfactual-thoughts-reduce-condemnation-of-falsehoods-and-increase.pdf",17,"Daniel A. Effron","It Could Have Been True: How Counterfact..."
"146","accessib","elfenbein-et-al-2021-what-do-we-hear-in-the-voice-an-open-ended-judgment-study-of-emotional-speech-prosody.pdf",14,"Hillary Anger Elfenb...","What Do We Hear in the Voice? An Open-En..."
"147","Dysfunction","emery-et-al-2018-you-can-t-see-the-real-me-attachment-avoidance-self-verification-and-self-concept-clarity.pdf",14,"Lydia F. Emery, Wend...","You Cant See the Real Me: Attachment Av..."
"148","Impairment","emery-et-al-2018-you-can-t-see-the-real-me-attachment-avoidance-self-verification-and-self-concept-clarity.pdf",10,"Lydia F. Emery, Wend...","You Cant See the Real Me: Attachment Av..."
"149","Dysfunction","evans-rubin-2021-in-a-class-on-their-own-investigating-the-role-of-social-integration-in-the-association-between-social.pdf",11,"Olivia Evans and Mar...","In a Class on Their Own: Investigating t..."
"150","accessib","eyal-epley-2017-exaggerating-accessible-differences-when-gender-stereotypes-overestimate-actual-group-differences.pdf",1,"Tal Eyal and Nichola...","Exaggerating Accessible Differences: Whe..."
"151","accessib","eyal-epley-2017-exaggerating-accessible-differences-when-gender-stereotypes-overestimate-actual-group-differences.pdf",2,"Tal Eyal and Nichola...","Exaggerating Accessible Differences: Whe..."
"152","accessib","eyal-epley-2017-exaggerating-accessible-differences-when-gender-stereotypes-overestimate-actual-group-differences.pdf",3,"Tal Eyal and Nichola...","Exaggerating Accessible Differences: Whe..."
"153","accessib","eyal-epley-2017-exaggerating-accessible-differences-when-gender-stereotypes-overestimate-actual-group-differences.pdf",4,"Tal Eyal and Nichola...","Exaggerating Accessible Differences: Whe..."
"154","accessib","eyal-epley-2017-exaggerating-accessible-differences-when-gender-stereotypes-overestimate-actual-group-differences.pdf",6,"Tal Eyal and Nichola...","Exaggerating Accessible Differences: Whe..."
"155","accessib","eyal-epley-2017-exaggerating-accessible-differences-when-gender-stereotypes-overestimate-actual-group-differences.pdf",8,"Tal Eyal and Nichola...","Exaggerating Accessible Differences: Whe..."
"156","accessib","eyal-epley-2017-exaggerating-accessible-differences-when-gender-stereotypes-overestimate-actual-group-differences.pdf",9,"Tal Eyal and Nichola...","Exaggerating Accessible Differences: Whe..."
"157","accessib","eyal-epley-2017-exaggerating-accessible-differences-when-gender-stereotypes-overestimate-actual-group-differences.pdf",10,"Tal Eyal and Nichola...","Exaggerating Accessible Differences: Whe..."
"158","accessib","eyal-epley-2017-exaggerating-accessible-differences-when-gender-stereotypes-overestimate-actual-group-differences.pdf",12,"Tal Eyal and Nichola...","Exaggerating Accessible Differences: Whe..."
"159","maim","eyal-epley-2017-exaggerating-accessible-differences-when-gender-stereotypes-overestimate-actual-group-differences.pdf",12,"Tal Eyal and Nichola...","Exaggerating Accessible Differences: Whe..."
"160","Syndrome","eyal-epley-2017-exaggerating-accessible-differences-when-gender-stereotypes-overestimate-actual-group-differences.pdf",12,"Tal Eyal and Nichola...","Exaggerating Accessible Differences: Whe..."
"161","Impairment","fairbairn-et-al-2021-mixing-misery-and-gin-the-effect-of-alcohol-administration-on-ostracism-response.pdf",2,"Catharine E. Fairbai...","Mixing Misery and Gin: The Effect of Alc..."
"162","Impairment","fairbairn-et-al-2021-mixing-misery-and-gin-the-effect-of-alcohol-administration-on-ostracism-response.pdf",11,"Catharine E. Fairbai...","Mixing Misery and Gin: The Effect of Alc..."
"163","Impairment","fairbairn-et-al-2021-mixing-misery-and-gin-the-effect-of-alcohol-administration-on-ostracism-response.pdf",13,"Catharine E. Fairbai...","Mixing Misery and Gin: The Effect of Alc..."
"164","disab","feldman-et-al-2017-agency-beliefs-over-time-and-across-cultures-free-will-beliefs-predict-higher-job-satisfaction.pdf",2,"Gilad Feldman, Jiing...","Agency Beliefs Over Time and Across Cult..."
"165","accessib","fernando-et-al-2018-functions-of-utopia-how-utopian-thinking-motivates-societal-engagement.pdf",13,"Julian W. Fernando, ...","Functions of Utopia: How Utopian Thinkin..."
"166","accessib","fida-et-al-2021-the-implicit-component-of-moral-disengagement-applying-the-relational-responding-task-to-investigate.pdf",1,"R. Fida, V. Ghezzi, ...","The Implicit Component of Moral Disengag..."
"167","accessib","fida-et-al-2021-the-implicit-component-of-moral-disengagement-applying-the-relational-responding-task-to-investigate.pdf",15,"R. Fida, V. Ghezzi, ...","The Implicit Component of Moral Disengag..."
"168","Malaise","fischer-et-al-2021-cultural-syndromes-in-a-changing-world-a-longitudinal-investigation-of-brazilian-jeitinho-social.pdf",3,"Ronald Fischer, Joha...","Cultural Syndromes in a Changing World: ..."
"169","Syndrome","fischer-et-al-2021-cultural-syndromes-in-a-changing-world-a-longitudinal-investigation-of-brazilian-jeitinho-social.pdf",1,"Ronald Fischer, Joha...","Cultural Syndromes in a Changing World: ..."
"170","Syndrome","fischer-et-al-2021-cultural-syndromes-in-a-changing-world-a-longitudinal-investigation-of-brazilian-jeitinho-social.pdf",2,"Ronald Fischer, Joha...","Cultural Syndromes in a Changing World: ..."
"171","Syndrome","fischer-et-al-2021-cultural-syndromes-in-a-changing-world-a-longitudinal-investigation-of-brazilian-jeitinho-social.pdf",3,"Ronald Fischer, Joha...","Cultural Syndromes in a Changing World: ..."
"172","Syndrome","fischer-et-al-2021-cultural-syndromes-in-a-changing-world-a-longitudinal-investigation-of-brazilian-jeitinho-social.pdf",5,"Ronald Fischer, Joha...","Cultural Syndromes in a Changing World: ..."
"173","Syndrome","fischer-et-al-2021-cultural-syndromes-in-a-changing-world-a-longitudinal-investigation-of-brazilian-jeitinho-social.pdf",10,"Ronald Fischer, Joha...","Cultural Syndromes in a Changing World: ..."
"174","Syndrome","fischer-et-al-2021-cultural-syndromes-in-a-changing-world-a-longitudinal-investigation-of-brazilian-jeitinho-social.pdf",12,"Ronald Fischer, Joha...","Cultural Syndromes in a Changing World: ..."
"175","Syndrome","fischer-et-al-2021-cultural-syndromes-in-a-changing-world-a-longitudinal-investigation-of-brazilian-jeitinho-social.pdf",13,"Ronald Fischer, Joha...","Cultural Syndromes in a Changing World: ..."
"176","accessib","fisher-hammond-2018-personal-ties-and-prejudice-a-meta-analysis-of-romantic-attachment-and-ambivalent-sexism.pdf",2,"Molly I. Fisher and ...","Personal Ties and Prejudice: A Meta-Anal..."
"177","accessib","fletcher-et-al-2020-reconsidering-best-practices-for-testing-the-ideal-standards-model-a-response-to-eastwick-finkel.pdf",1,"Garth J. O. Fletcher...","Reconsidering Best Practices for Testi..."
"178","Impairment","flores-et-al-2018-retracted-cardiovascular-and-self-regulatory-consequences-of-ses-based-social-identity-threat.pdf",3,"Abdiel J. Flores, Ta...","RETRACTED: Cardiovascular and Self-Regul..."
"179","Impairment","flores-et-al-2018-retracted-cardiovascular-and-self-regulatory-consequences-of-ses-based-social-identity-threat.pdf",4,"Abdiel J. Flores, Ta...","RETRACTED: Cardiovascular and Self-Regul..."
"180","Impairment","flores-et-al-2018-retracted-cardiovascular-and-self-regulatory-consequences-of-ses-based-social-identity-threat.pdf",11,"Abdiel J. Flores, Ta...","RETRACTED: Cardiovascular and Self-Regul..."
"181","Impairment","flores-et-al-2018-retracted-cardiovascular-and-self-regulatory-consequences-of-ses-based-social-identity-threat.pdf",12,"Abdiel J. Flores, Ta...","RETRACTED: Cardiovascular and Self-Regul..."
"182","Impairment","flores-et-al-2018-retracted-cardiovascular-and-self-regulatory-consequences-of-ses-based-social-identity-threat.pdf",15,"Abdiel J. Flores, Ta...","RETRACTED: Cardiovascular and Self-Regul..."
"183","disab","fritz-et-al-2017-humor-use-moderates-the-relation-of-stressful-life-events-with-psychological-distress.pdf",2,"Heidi L. Fritz, Lesl...","Humor Use Moderates the Relation of Stre..."
"184","disab","fritz-et-al-2017-humor-use-moderates-the-relation-of-stressful-life-events-with-psychological-distress.pdf",14,"Heidi L. Fritz, Lesl...","Humor Use Moderates the Relation of Stre..."
"185","debilit","fritz-et-al-2017-humor-use-moderates-the-relation-of-stressful-life-events-with-psychological-distress.pdf",2,"Heidi L. Fritz, Lesl...","Humor Use Moderates the Relation of Stre..."
"186","debilit","fritz-et-al-2017-humor-use-moderates-the-relation-of-stressful-life-events-with-psychological-distress.pdf",4,"Heidi L. Fritz, Lesl...","Humor Use Moderates the Relation of Stre..."
"187","debilit","fritz-et-al-2017-humor-use-moderates-the-relation-of-stressful-life-events-with-psychological-distress.pdf",5,"Heidi L. Fritz, Lesl...","Humor Use Moderates the Relation of Stre..."
"188","deficien","fritz-et-al-2017-humor-use-moderates-the-relation-of-stressful-life-events-with-psychological-distress.pdf",13,"Heidi L. Fritz, Lesl...","Humor Use Moderates the Relation of Stre..."
"189","Chronic illness","fritz-et-al-2017-humor-use-moderates-the-relation-of-stressful-life-events-with-psychological-distress.pdf",13,"Heidi L. Fritz, Lesl...","Humor Use Moderates the Relation of Stre..."
"190","Syndrome","fritz-et-al-2017-humor-use-moderates-the-relation-of-stressful-life-events-with-psychological-distress.pdf",1,"Heidi L. Fritz, Lesl...","Humor Use Moderates the Relation of Stre..."
"191","Syndrome","fritz-et-al-2017-humor-use-moderates-the-relation-of-stressful-life-events-with-psychological-distress.pdf",2,"Heidi L. Fritz, Lesl...","Humor Use Moderates the Relation of Stre..."
"192","Syndrome","fritz-et-al-2017-humor-use-moderates-the-relation-of-stressful-life-events-with-psychological-distress.pdf",3,"Heidi L. Fritz, Lesl...","Humor Use Moderates the Relation of Stre..."
"193","Syndrome","fritz-et-al-2017-humor-use-moderates-the-relation-of-stressful-life-events-with-psychological-distress.pdf",14,"Heidi L. Fritz, Lesl...","Humor Use Moderates the Relation of Stre..."
"194","person-first","fritzlen-et-al-2019-i-know-what-you-are-but-what-am-i-the-effect-of-recategorization-threat-and-perceived-immutability.pdf",12,"Katherine A. Fritzle...","I Know (What) You Are, But What Am I? Th..."
"195","person-first","fritzlen-et-al-2019-i-know-what-you-are-but-what-am-i-the-effect-of-recategorization-threat-and-perceived-immutability.pdf",13,"Katherine A. Fritzle...","I Know (What) You Are, But What Am I? Th..."
"196","deficien","fritzlen-et-al-2019-i-know-what-you-are-but-what-am-i-the-effect-of-recategorization-threat-and-perceived-immutability.pdf",13,"Katherine A. Fritzle...","I Know (What) You Are, But What Am I? Th..."
"197","deficien","fuesting-diekman-2016-not-by-success-alone-role-models-provide-pathways-to-communal-opportunities-in-stem.pdf",12,"Melissa A. Fuesting ...","Not By Success Alone"
"198","Barrier-free","gamarel-golub-2018-closeness-discrepancies-and-intimacy-interference-motivations-for-hiv-prevention-behavior-in-primary.pdf",3,"Kristi E. Gamarel an...","Closeness Discrepancies and Intimacy Int..."
"199","deficien","gamarel-golub-2018-closeness-discrepancies-and-intimacy-interference-motivations-for-hiv-prevention-behavior-in-primary.pdf",13,"Kristi E. Gamarel an...","Closeness Discrepancies and Intimacy Int..."
"200","Syndrome","gamarel-golub-2018-closeness-discrepancies-and-intimacy-interference-motivations-for-hiv-prevention-behavior-in-primary.pdf",13,"Kristi E. Gamarel an...","Closeness Discrepancies and Intimacy Int..."
"201","Syndrome","gamp-et-al-2018-risk-perceptions-after-receiving-multiple-risk-feedback.pdf",4,"Martina Gamp, Harald...","Risk Perceptions After Receiving Multipl..."
"202","Syndrome","gamp-et-al-2018-risk-perceptions-after-receiving-multiple-risk-feedback.pdf",10,"Martina Gamp, Harald...","Risk Perceptions After Receiving Multipl..."
"203","Syndrome","gamp-et-al-2018-risk-perceptions-after-receiving-multiple-risk-feedback.pdf",11,"Martina Gamp, Harald...","Risk Perceptions After Receiving Multipl..."
"204","Syndrome","gamp-et-al-2018-risk-perceptions-after-receiving-multiple-risk-feedback.pdf",12,"Martina Gamp, Harald...","Risk Perceptions After Receiving Multipl..."
"205","accessib","gan-et-al-2018-the-power-in-being-yourself-feeling-authentic-enhances-the-sense-of-power.pdf",2,"Muping Gan, Daniel H...","The Power in Being Yourself: Feeling Aut..."
"206","disab","ganzach-yaor-2018-the-retrospective-evaluation-of-positive-and-negative-affect.pdf",11,"Yoav Ganzach and Ein...","The Retrospective Evaluation of Positive..."
"207","accessib","ganzach-yaor-2018-the-retrospective-evaluation-of-positive-and-negative-affect.pdf",3,"Yoav Ganzach and Ein...","The Retrospective Evaluation of Positive..."
"208","accessib","ganzach-yaor-2018-the-retrospective-evaluation-of-positive-and-negative-affect.pdf",11,"Yoav Ganzach and Ein...","The Retrospective Evaluation of Positive..."
"209","disab","garcia-sanchez-et-al-2021-how-fair-is-economic-inequality-belief-in-a-just-world-and-the-legitimation-of-economic.pdf",2,"Efraín García-Sánche...","How Fair is Economic Inequality? Belief ..."
"210","afflict","garinther-et-al-2021-victim-number-effects-in-charitable-giving-joint-evaluations-promote-egalitarian-decisions.pdf",1,"Alexander Garinther,...","Victim Number Effects in Charitable Givi..."
"211","accessib","gasco-et-al-2018-where-did-this-thought-come-from-a-self-validation-analysis-of-the-perceived-origin-of-thoughts.pdf",12,"Margarita Gascó, Pab...","Where Did This Thought Come From? A Self..."
"212","Impairment","gawronski-2021-attitudinal-effects-of-stimulus-co-occurrence-and-stimulus-relations-paradoxical-effects-of-cognitive.pdf",9,"Bertram Gawronski","Attitudinal Effects of Stimulus Co-occur..."
"213","Impairment","gawronski-2021-attitudinal-effects-of-stimulus-co-occurrence-and-stimulus-relations-paradoxical-effects-of-cognitive.pdf",10,"Bertram Gawronski","Attitudinal Effects of Stimulus Co-occur..."
"214","Impairment","gawronski-2021-attitudinal-effects-of-stimulus-co-occurrence-and-stimulus-relations-paradoxical-effects-of-cognitive.pdf",11,"Bertram Gawronski","Attitudinal Effects of Stimulus Co-occur..."
"215","accessib","gawronski-et-al-2017-temporal-stability-of-implicit-and-explicit-measures-a-longitudinal-analysis.pdf",13,"Bertram Gawronski, M...","Temporal Stability of Implicit and Expli..."
"216","Impairment","ghassemi-et-al-2017-the-process-of-disengagement-from-personal-goals-reciprocal-influences-between-the-experience-of.pdf",2,"Mirjam Ghassemi, Kat...","The Process of Disengagement From Person..."
"217","accessib","gillath-et-al-2017-a-net-of-friends-investigating-friendship-by-integrating-attachment-theory-and-social-network.pdf",19,"Omri Gillath, Gery C...","A Net of Friends: Investigating Friendsh..."
"218","disab","grigoryan-et-al-2019-stereotypes-as-historical-accidents-images-of-social-class-in-postcommunist-versus-capitalist.pdf",7,"Lusine Grigoryan, Xu...","Stereotypes as Historical Accidents: Ima..."
"219","accessib","grigoryan-et-al-2019-stereotypes-as-historical-accidents-images-of-social-class-in-postcommunist-versus-capitalist.pdf",3,"Lusine Grigoryan, Xu...","Stereotypes as Historical Accidents: Ima..."
"220","sickl","grigoryan-et-al-2019-stereotypes-as-historical-accidents-images-of-social-class-in-postcommunist-versus-capitalist.pdf",3,"Lusine Grigoryan, Xu...","Stereotypes as Historical Accidents: Ima..."
"221","accessib","grillo-pizzutti-2020-recognizing-and-trusting-persuasion-agents-attitudes-bias-trustworthiness-judgments-but-not.pdf",2,"Tito L. H. Grillo an...","Recognizing and Trusting Persuasion Agen..."
"222","accessib","grillo-pizzutti-2020-recognizing-and-trusting-persuasion-agents-attitudes-bias-trustworthiness-judgments-but-not.pdf",13,"Tito L. H. Grillo an...","Recognizing and Trusting Persuasion Agen..."
"223","Dysfunction","gruda-kafetsios-2019-attachment-orientations-guide-the-transfer-of-leadership-judgments-culture-matters.pdf",21,"Dritjon Gruda and Ko...","Attachment Orientations Guide the Transf..."
"224","accessib","gruda-kafetsios-2019-attachment-orientations-guide-the-transfer-of-leadership-judgments-culture-matters.pdf",2,"Dritjon Gruda and Ko...","Attachment Orientations Guide the Transf..."
"225","accessib","gruda-kafetsios-2019-attachment-orientations-guide-the-transfer-of-leadership-judgments-culture-matters.pdf",3,"Dritjon Gruda and Ko...","Attachment Orientations Guide the Transf..."
"226","accessib","gruda-kafetsios-2019-attachment-orientations-guide-the-transfer-of-leadership-judgments-culture-matters.pdf",20,"Dritjon Gruda and Ko...","Attachment Orientations Guide the Transf..."
"227","accessib","guglielmo-malle-2017-information-acquisition-processes-in-moral-judgments-of-blame.pdf",9,"Steve Guglielmo and ...","Information-Acquisition Processes in Mor..."
"228","\blame","gul-kupfer-2018-benevolent-sexism-and-mate-preferences-why-do-women-prefer-benevolent-men-despite-recognizing-that-they.pdf",15,"Pelin Gul and Tom R....","Benevolent Sexism and Mate Preferences: ..."
"229","disab","gul-uskul-2020-an-alternative-account-of-anti-effeminacy-bias-reputation-concerns-and-lack-of-coalitional-value-explain.pdf",2,"Pelin Gul and Ayse K...","An Alternative Account of Anti-Effeminac..."
"230","disab","gul-uskul-2020-an-alternative-account-of-anti-effeminacy-bias-reputation-concerns-and-lack-of-coalitional-value-explain.pdf",25,"Pelin Gul and Ayse K...","An Alternative Account of Anti-Effeminac..."
"231","Impairment","hadar-et-al-2019-induced-social-power-improves-visual-working-memory.pdf",11,"Britt Hadar, Roy Lur...","Induced Social Power Improves Visual Wor..."
"232","deficien","hadar-et-al-2019-induced-social-power-improves-visual-working-memory.pdf",4,"Britt Hadar, Roy Lur...","Induced Social Power Improves Visual Wor..."
"233","deficien","hadar-et-al-2019-induced-social-power-improves-visual-working-memory.pdf",7,"Britt Hadar, Roy Lur...","Induced Social Power Improves Visual Wor..."
"234","Syndrome","hadar-et-al-2019-induced-social-power-improves-visual-working-memory.pdf",13,"Britt Hadar, Roy Lur...","Induced Social Power Improves Visual Wor..."
"235","disab","hehman-et-al-2017-the-faces-of-group-members-share-physical-resemblance.pdf",2,"Eric Hehman, Jessica...","The Faces of Group Members Share Physica..."
"236","Impairment","heintzelman-king-2018-routines-and-meaning-in-life.pdf",10,"Samantha J. Heintzel...","Routines and Meaning in Life"
"237","deficien","heu-et-al-2018-lonely-alone-or-lonely-together-a-cultural-psychological-examination-of-individualism-collectivism-and.pdf",3,"Luzia C. Heu, Martij...","Lonely Alone or Lonely Together? A Cultu..."
"238","\blame","higginbotham-et-al-2021-you-play-a-sport-right-a-persistent-and-pernicious-intersectional-bias-in-categorization-of.pdf",15,"Gerald D. Higginboth...","You Play a Sport, Right? A Persistent an..."
"239","accessib","higginbotham-et-al-2021-you-play-a-sport-right-a-persistent-and-pernicious-intersectional-bias-in-categorization-of.pdf",2,"Gerald D. Higginboth...","You Play a Sport, Right? A Persistent an..."
"240","accessib","higginbotham-et-al-2021-you-play-a-sport-right-a-persistent-and-pernicious-intersectional-bias-in-categorization-of.pdf",3,"Gerald D. Higginboth...","You Play a Sport, Right? A Persistent an..."
"241","accessib","higginbotham-et-al-2021-you-play-a-sport-right-a-persistent-and-pernicious-intersectional-bias-in-categorization-of.pdf",14,"Gerald D. Higginboth...","You Play a Sport, Right? A Persistent an..."
"242","disab","hirschberger-et-al-2017-the-existential-underpinnings-of-intergroup-helping-when-normative-and-defensive-motivations.pdf",2,"Gilad Hirschberger, ...","The Existential Underpinnings of Intergr..."
"243","disab","hirschberger-et-al-2017-the-existential-underpinnings-of-intergroup-helping-when-normative-and-defensive-motivations.pdf",13,"Gilad Hirschberger, ...","The Existential Underpinnings of Intergr..."
"244","afflict","hirschberger-et-al-2017-the-existential-underpinnings-of-intergroup-helping-when-normative-and-defensive-motivations.pdf",14,"Gilad Hirschberger, ...","The Existential Underpinnings of Intergr..."
"245","Impairment","hisler-et-al-2018-does-stress-explain-the-effect-of-sleep-on-self-control-difficulties-a-month-long-daily-diary-study.pdf",13,"Garrett C. Hisler, Z...","Does Stress Explain the Effect of Sleep ..."
"246","Impairment","hisler-et-al-2018-does-stress-explain-the-effect-of-sleep-on-self-control-difficulties-a-month-long-daily-diary-study.pdf",14,"Garrett C. Hisler, Z...","Does Stress Explain the Effect of Sleep ..."
"247","incapac","hofmann-et-al-2018-moral-punishment-in-everyday-life.pdf",13,"Wilhelm Hofmann, Mar...","Moral Punishment in Everyday Life"
"248","Defect","hofmann-et-al-2018-moral-punishment-in-everyday-life.pdf",12,"Wilhelm Hofmann, Mar...","Moral Punishment in Everyday Life"
"249","accessib","hogden-unkelbach-2020-the-role-of-relational-qualifiers-in-attribute-conditioning-does-disliking-an-athletic-person.pdf",13,"Fabia Högden and Chr...","The Role of Relational Qualifiers in Att..."
"250","accessib","hogden-unkelbach-2020-the-role-of-relational-qualifiers-in-attribute-conditioning-does-disliking-an-athletic-person.pdf",14,"Fabia Högden and Chr...","The Role of Relational Qualifiers in Att..."
"251","disab","hou-et-al-2021-do-grittier-people-have-greater-subjective-well-being-a-meta-analysis.pdf",1,"Xiang-Ling Hou, Nico...","Do Grittier People Have Greater Subjecti..."
"252","disab","hou-et-al-2021-do-grittier-people-have-greater-subjective-well-being-a-meta-analysis.pdf",2,"Xiang-Ling Hou, Nico...","Do Grittier People Have Greater Subjecti..."
"253","disab","hou-et-al-2021-do-grittier-people-have-greater-subjective-well-being-a-meta-analysis.pdf",3,"Xiang-Ling Hou, Nico...","Do Grittier People Have Greater Subjecti..."
"254","disab","hou-et-al-2021-do-grittier-people-have-greater-subjective-well-being-a-meta-analysis.pdf",5,"Xiang-Ling Hou, Nico...","Do Grittier People Have Greater Subjecti..."
"255","disab","hou-et-al-2021-do-grittier-people-have-greater-subjective-well-being-a-meta-analysis.pdf",8,"Xiang-Ling Hou, Nico...","Do Grittier People Have Greater Subjecti..."
"256","disab","hou-et-al-2021-do-grittier-people-have-greater-subjective-well-being-a-meta-analysis.pdf",11,"Xiang-Ling Hou, Nico...","Do Grittier People Have Greater Subjecti..."
"257","disab","hou-et-al-2021-do-grittier-people-have-greater-subjective-well-being-a-meta-analysis.pdf",12,"Xiang-Ling Hou, Nico...","Do Grittier People Have Greater Subjecti..."
"258","wheelchair","hou-et-al-2021-do-grittier-people-have-greater-subjective-well-being-a-meta-analysis.pdf",13,"Xiang-Ling Hou, Nico...","Do Grittier People Have Greater Subjecti..."
"259","Ailment","hou-et-al-2021-do-grittier-people-have-greater-subjective-well-being-a-meta-analysis.pdf",11,"Xiang-Ling Hou, Nico...","Do Grittier People Have Greater Subjecti..."
"260","accessib","huang-2019-mind-body-dissonance-a-catalyst-to-creativity.pdf",14,"Li Huang","MindBody Dissonance: A Catalyst to Crea..."
"261","disab","hudson-et-al-2019-healthier-and-happier-a-3-year-longitudinal-investigation-of-the-prospective-associations-and.pdf",2,"Nathan W. Hudson, Ri...","Healthier and Happier? A 3-Year Longitud..."
"262","disab","hudson-et-al-2019-healthier-and-happier-a-3-year-longitudinal-investigation-of-the-prospective-associations-and.pdf",15,"Nathan W. Hudson, Ri...","Healthier and Happier? A 3-Year Longitud..."
"263","disab","hudson-et-al-2019-healthier-and-happier-a-3-year-longitudinal-investigation-of-the-prospective-associations-and.pdf",16,"Nathan W. Hudson, Ri...","Healthier and Happier? A 3-Year Longitud..."
"264","accessib","hudson-et-al-2019-healthier-and-happier-a-3-year-longitudinal-investigation-of-the-prospective-associations-and.pdf",16,"Nathan W. Hudson, Ri...","Healthier and Happier? A 3-Year Longitud..."
"265","accessib","hudson-et-al-2019-the-highs-and-lows-of-love-romantic-relationship-quality-moderates-whether-spending-time-with-one-s.pdf",18,"Nathan W. Hudson, Ri...","The Highs and Lows of Love: Romantic Rel..."
"266","Dysfunction","huelsnitz-et-al-2018-attachment-and-jealousy-understanding-the-dynamic-experience-of-jealousy-using-the-response.pdf",12,"Chloe O. Huelsnitz, ...","Attachment and Jealousy: Understanding t..."
"267","Dysfunction","huelsnitz-et-al-2018-attachment-and-jealousy-understanding-the-dynamic-experience-of-jealousy-using-the-response.pdf",17,"Chloe O. Huelsnitz, ...","Attachment and Jealousy: Understanding t..."
"268","Dysfunction","hughes-scholer-2017-when-wanting-the-best-goes-right-or-wrong-distinguishing-between-adaptive-and-maladaptive.pdf",14,"Jeffrey Hughes and A...","When Wanting the Best Goes Right or Wron..."
"269","Dysfunction","iida-et-al-2017-the-influence-of-daily-coping-on-anxiety-under-examination-stress-a-model-of-interindividual.pdf",4,"Masumi Iida, Marci G...","The Influence of Daily Coping on Anxiety..."
"270","Dysfunction","iida-et-al-2017-the-influence-of-daily-coping-on-anxiety-under-examination-stress-a-model-of-interindividual.pdf",13,"Masumi Iida, Marci G...","The Influence of Daily Coping on Anxiety..."
"271","debilit","iida-et-al-2017-the-influence-of-daily-coping-on-anxiety-under-examination-stress-a-model-of-interindividual.pdf",17,"Masumi Iida, Marci G...","The Influence of Daily Coping on Anxiety..."
"272","accessib","iida-et-al-2017-the-influence-of-daily-coping-on-anxiety-under-examination-stress-a-model-of-interindividual.pdf",12,"Masumi Iida, Marci G...","The Influence of Daily Coping on Anxiety..."
"273","Syndrome","imami-et-al-2018-self-disclosure-and-perceived-responsiveness-among-youth-with-asthma-links-to-affect-and-anti.pdf",14,"Ledina Imami, Sarah ...","Self-Disclosure and Perceived Responsive..."
"274","afflict","imhoff-et-al-2018-using-power-as-a-negative-cue-how-conspiracy-mentality-affects-epistemic-trust-in-sources-of.pdf",14,"Roland Imhoff, Pia L...","Using Power as a Negative Cue: How Consp..."
"275","Dysfunction","irwing-et-al-2019-comedians-trait-level-and-stage-personalities-evidence-for-goal-directed-personality-adaptation.pdf",9,"Paul Irwing, Clare C...","Comedians Trait Level and Stage Persona..."
"276","Dysfunction","irwing-et-al-2019-comedians-trait-level-and-stage-personalities-evidence-for-goal-directed-personality-adaptation.pdf",11,"Paul Irwing, Clare C...","Comedians Trait Level and Stage Persona..."
"277","deficien","irwing-et-al-2019-comedians-trait-level-and-stage-personalities-evidence-for-goal-directed-personality-adaptation.pdf",7,"Paul Irwing, Clare C...","Comedians Trait Level and Stage Persona..."
"278","Dysfunction","iterbeke-de-witte-2021-helpful-or-harmful-the-role-of-personality-traits-in-student-experiences-of-the-covid-19-crisis.pdf",19,"Kaat Iterbeke and Kr...","Helpful or Harmful? The Role of Personal..."
"279","accessib","itzchakov-reis-2020-perceived-responsiveness-increases-tolerance-of-attitude-ambivalence-and-enhances-intentions-to.pdf",1,"Guy Itzchakov and Ha...","Perceived Responsiveness Increases Toler..."
"280","accessib","itzchakov-reis-2020-perceived-responsiveness-increases-tolerance-of-attitude-ambivalence-and-enhances-intentions-to.pdf",2,"Guy Itzchakov and Ha...","Perceived Responsiveness Increases Toler..."
"281","accessib","itzchakov-reis-2020-perceived-responsiveness-increases-tolerance-of-attitude-ambivalence-and-enhances-intentions-to.pdf",3,"Guy Itzchakov and Ha...","Perceived Responsiveness Increases Toler..."
"282","accessib","itzchakov-reis-2020-perceived-responsiveness-increases-tolerance-of-attitude-ambivalence-and-enhances-intentions-to.pdf",4,"Guy Itzchakov and Ha...","Perceived Responsiveness Increases Toler..."
"283","accessib","itzchakov-reis-2020-perceived-responsiveness-increases-tolerance-of-attitude-ambivalence-and-enhances-intentions-to.pdf",5,"Guy Itzchakov and Ha...","Perceived Responsiveness Increases Toler..."
"284","accessib","itzchakov-reis-2020-perceived-responsiveness-increases-tolerance-of-attitude-ambivalence-and-enhances-intentions-to.pdf",6,"Guy Itzchakov and Ha...","Perceived Responsiveness Increases Toler..."
"285","accessib","itzchakov-reis-2020-perceived-responsiveness-increases-tolerance-of-attitude-ambivalence-and-enhances-intentions-to.pdf",7,"Guy Itzchakov and Ha...","Perceived Responsiveness Increases Toler..."
"286","accessib","itzchakov-reis-2020-perceived-responsiveness-increases-tolerance-of-attitude-ambivalence-and-enhances-intentions-to.pdf",8,"Guy Itzchakov and Ha...","Perceived Responsiveness Increases Toler..."
"287","accessib","itzchakov-reis-2020-perceived-responsiveness-increases-tolerance-of-attitude-ambivalence-and-enhances-intentions-to.pdf",9,"Guy Itzchakov and Ha...","Perceived Responsiveness Increases Toler..."
"288","accessib","itzchakov-reis-2020-perceived-responsiveness-increases-tolerance-of-attitude-ambivalence-and-enhances-intentions-to.pdf",10,"Guy Itzchakov and Ha...","Perceived Responsiveness Increases Toler..."
"289","accessib","itzchakov-reis-2020-perceived-responsiveness-increases-tolerance-of-attitude-ambivalence-and-enhances-intentions-to.pdf",11,"Guy Itzchakov and Ha...","Perceived Responsiveness Increases Toler..."
"290","accessib","itzchakov-reis-2020-perceived-responsiveness-increases-tolerance-of-attitude-ambivalence-and-enhances-intentions-to.pdf",12,"Guy Itzchakov and Ha...","Perceived Responsiveness Increases Toler..."
"291","accessib","itzchakov-reis-2020-perceived-responsiveness-increases-tolerance-of-attitude-ambivalence-and-enhances-intentions-to.pdf",14,"Guy Itzchakov and Ha...","Perceived Responsiveness Increases Toler..."
"292","accessib","itzchakov-reis-2020-perceived-responsiveness-increases-tolerance-of-attitude-ambivalence-and-enhances-intentions-to.pdf",16,"Guy Itzchakov and Ha...","Perceived Responsiveness Increases Toler..."
"293","accessib","itzchakov-reis-2020-perceived-responsiveness-increases-tolerance-of-attitude-ambivalence-and-enhances-intentions-to.pdf",17,"Guy Itzchakov and Ha...","Perceived Responsiveness Increases Toler..."
"294","accessib","jakubiak-feeney-2018-hand-in-hand-combat-affectionate-touch-promotes-relational-well-being-and-buffers-stress-during.pdf",2,"Brett K. Jakubiak an...","Hand-in-Hand Combat: Affectionate Touch ..."
"295","accessib","jampol-zayas-2020-gendered-white-lies-women-are-given-inflated-performance-feedback-compared-with-men.pdf",12,"Lily Jampol and Vivi...","Gendered White Lies: Women Are Given Inf..."
"296","Handicap","jampol-zayas-2020-gendered-white-lies-women-are-given-inflated-performance-feedback-compared-with-men.pdf",11,"Lily Jampol and Vivi...","Gendered White Lies: Women Are Given Inf..."
"297","accessib","jetten-et-al-2020-prosperous-but-fearful-of-falling-the-wealth-paradox-collective-angst-and-opposition-to-immigration.pdf",5,"Jolanda Jetten, Fran...","Prosperous But Fearful of Falling: The W..."
"298","accessib","jiang-et-al-2020-the-development-of-materialism-in-emerging-adulthood-stability-change-and-antecedents.pdf",10,"Wen Jiang, Hongyun L...","The Development of Materialism in Emergi..."
"299","accessib","job-et-al-2017-social-traces-of-generic-humans-increase-the-value-of-everyday-objects.pdf",8,"Veronika Job, Jana N...","Social Traces of Generic Humans Increase..."
"300","accessib","joel-et-al-2017-motivated-use-of-numerical-anchors-for-judgments-relevant-to-the-self.pdf",2,"Samantha Joel, Steph...","Motivated Use of Numerical Anchors for J..."
"301","accessib","joel-et-al-2017-motivated-use-of-numerical-anchors-for-judgments-relevant-to-the-self.pdf",3,"Samantha Joel, Steph...","Motivated Use of Numerical Anchors for J..."
"302","accessib","joel-et-al-2017-motivated-use-of-numerical-anchors-for-judgments-relevant-to-the-self.pdf",14,"Samantha Joel, Steph...","Motivated Use of Numerical Anchors for J..."
"303","deficien","johnson-et-al-2017-sage-on-the-stage-women-s-representation-at-an-academic-conference.pdf",12,"Camille S. Johnson, ...","Sage on the Stage"
"304","Dysfunction","johnson-et-al-2021-within-couple-associations-between-communication-and-relationship-satisfaction-over-time.pdf",2,"Matthew D. Johnson, ...","Within-Couple Associations Between Commu..."
"305","Defect","jun-et-al-2017-keeping-minorities-happy-hierarchy-maintenance-and-whites-decreased-support-for-highly-identified-white.pdf",14,"Sora Jun, Brian S. L...","Keeping Minorities Happy: Hierarchy Main..."
"306","Impairment","kang-lakshmanan-2018-narcissism-and-self-versus-recipient-oriented-imagery-in-charitable-giving.pdf",13,"Esther Kang and Arun...","Narcissism and Self- Versus Recipient-Or..."
"307","afflict","kang-lakshmanan-2018-narcissism-and-self-versus-recipient-oriented-imagery-in-charitable-giving.pdf",4,"Esther Kang and Arun...","Narcissism and Self- Versus Recipient-Or..."
"308","Ailment","kang-lakshmanan-2018-narcissism-and-self-versus-recipient-oriented-imagery-in-charitable-giving.pdf",1,"Esther Kang and Arun...","Narcissism and Self- Versus Recipient-Or..."
"309","Chronic illness","katzenelenbogen-et-al-2021-the-role-of-individual-and-dyadic-planning-in-couples-daily-goal-pursuits.pdf",15,"Ophir Katzenelenboge...","The Role of Individual and Dyadic Planni..."
"310","accessib","kettle-salerno-2017-anger-promotes-economic-conservatism.pdf",9,"Keri L. Kettle and A...","Anger Promotes Economic Conservatism"
"311","Dysfunction","kim-et-al-2020-when-tonight-is-not-the-night-sexual-rejection-behaviors-and-satisfaction-in-romantic-relationships.pdf",11,"James J. Kim, Amy Mu...","When Tonight Is Not the Night: Sexual Re..."
"312","Dysfunction","kim-et-al-2020-when-tonight-is-not-the-night-sexual-rejection-behaviors-and-satisfaction-in-romantic-relationships.pdf",15,"James J. Kim, Amy Mu...","When Tonight Is Not the Night: Sexual Re..."
"313","accessib","kim-et-al-2021-psychology-and-the-threat-of-contagion-feeling-vulnerable-to-a-disease-moderates-the-link-between.pdf",2,"Heejung S. Kim, Kimi...","Psychology and the Threat of Contagion: ..."
"314","accessib","kim-et-al-2021-psychology-and-the-threat-of-contagion-feeling-vulnerable-to-a-disease-moderates-the-link-between.pdf",3,"Heejung S. Kim, Kimi...","Psychology and the Threat of Contagion: ..."
"315","accessib","kim-et-al-2021-psychology-and-the-threat-of-contagion-feeling-vulnerable-to-a-disease-moderates-the-link-between.pdf",15,"Heejung S. Kim, Kimi...","Psychology and the Threat of Contagion: ..."
"316","accessib","kim-et-al-2021-psychology-and-the-threat-of-contagion-feeling-vulnerable-to-a-disease-moderates-the-link-between.pdf",17,"Heejung S. Kim, Kimi...","Psychology and the Threat of Contagion: ..."
"317","accessib","kim-et-al-2021-psychology-and-the-threat-of-contagion-feeling-vulnerable-to-a-disease-moderates-the-link-between.pdf",18,"Heejung S. Kim, Kimi...","Psychology and the Threat of Contagion: ..."
"318","Defect","kim-mcgill-2017-helping-others-by-first-affirming-the-self-when-self-affirmation-reduces-ego-defensive-downplaying-of.pdf",3,"Sara Kim and Ann L. ...","Helping Others by First Affirming the Se..."
"319","Defect","kim-mcgill-2017-helping-others-by-first-affirming-the-self-when-self-affirmation-reduces-ego-defensive-downplaying-of.pdf",4,"Sara Kim and Ann L. ...","Helping Others by First Affirming the Se..."
"320","Dysfunction","kim-wiesenfeld-2017-who-represents-our-group-the-effects-of-prototype-content-on-perceived-status-dispersion-and-social.pdf",2,"Hee Young Kim and Ba...","Who Represents Our Group? The Effects of..."
"321","Dysfunction","kim-wiesenfeld-2017-who-represents-our-group-the-effects-of-prototype-content-on-perceived-status-dispersion-and-social.pdf",11,"Hee Young Kim and Ba...","Who Represents Our Group? The Effects of..."
"322","accessib","kim-wiesenfeld-2017-who-represents-our-group-the-effects-of-prototype-content-on-perceived-status-dispersion-and-social.pdf",4,"Hee Young Kim and Ba...","Who Represents Our Group? The Effects of..."
"323","functional limitation","kitayama-et-al-2018-behavioral-adjustment-moderates-the-link-between-neuroticism-and-biological-health-risk-a-u-s-japan.pdf",3,"Shinobu Kitayama, Ji...","Behavioral Adjustment Moderates the Link..."
"324","functional limitation","kitayama-et-al-2018-behavioral-adjustment-moderates-the-link-between-neuroticism-and-biological-health-risk-a-u-s-japan.pdf",4,"Shinobu Kitayama, Ji...","Behavioral Adjustment Moderates the Link..."
"325","functional limitation","kitayama-et-al-2018-behavioral-adjustment-moderates-the-link-between-neuroticism-and-biological-health-risk-a-u-s-japan.pdf",6,"Shinobu Kitayama, Ji...","Behavioral Adjustment Moderates the Link..."
"326","functional limitation","kitayama-et-al-2018-behavioral-adjustment-moderates-the-link-between-neuroticism-and-biological-health-risk-a-u-s-japan.pdf",10,"Shinobu Kitayama, Ji...","Behavioral Adjustment Moderates the Link..."
"327","functional limitation","kitayama-et-al-2018-behavioral-adjustment-moderates-the-link-between-neuroticism-and-biological-health-risk-a-u-s-japan.pdf",11,"Shinobu Kitayama, Ji...","Behavioral Adjustment Moderates the Link..."
"328","of daily living","kitayama-et-al-2018-behavioral-adjustment-moderates-the-link-between-neuroticism-and-biological-health-risk-a-u-s-japan.pdf",4,"Shinobu Kitayama, Ji...","Behavioral Adjustment Moderates the Link..."
"329","\bailing","kitayama-park-2020-is-conscientiousness-always-associated-with-better-health-a-u-s-japan-cross-cultural-examination-of.pdf",10,"Shinobu Kitayama and...","Is Conscientiousness Always Associated W..."
"330","disab","klebl-et-al-2021-beyond-aesthetic-judgment-beauty-increases-moral-standing-through-perceptions-of-purity.pdf",13,"Christoph Klebl, Yin...","Beyond Aesthetic Judgment: Beauty Increa..."
"331","disfigur","klebl-et-al-2021-beyond-aesthetic-judgment-beauty-increases-moral-standing-through-perceptions-of-purity.pdf",13,"Christoph Klebl, Yin...","Beyond Aesthetic Judgment: Beauty Increa..."
"332","Dysfunction","kluwer-et-al-2019-autonomy-in-relatedness-how-need-fulfillment-interacts-in-close-relationships.pdf",1,"Esther S. Kluwer, Jo...","Autonomy in Relatedness: How Need Fulfil..."
"333","Handicap","kluwer-et-al-2019-autonomy-in-relatedness-how-need-fulfillment-interacts-in-close-relationships.pdf",2,"Esther S. Kluwer, Jo...","Autonomy in Relatedness: How Need Fulfil..."
"334","Handicap","kluwer-et-al-2019-autonomy-in-relatedness-how-need-fulfillment-interacts-in-close-relationships.pdf",14,"Esther S. Kluwer, Jo...","Autonomy in Relatedness: How Need Fulfil..."
"335","accessib","koriat-et-al-2018-the-prototypical-majority-effect-under-social-influence.pdf",2,"Asher Koriat, Shiri ...","The Prototypical Majority Effect Under S..."
"336","accessib","koriat-et-al-2018-the-prototypical-majority-effect-under-social-influence.pdf",11,"Asher Koriat, Shiri ...","The Prototypical Majority Effect Under S..."
"337","accessib","koriat-et-al-2018-the-prototypical-majority-effect-under-social-influence.pdf",12,"Asher Koriat, Shiri ...","The Prototypical Majority Effect Under S..."
"338","deficien","korner-et-al-2020-using-the-cni-model-to-investigate-individual-differences-in-moral-dilemma-judgments.pdf",3,"Anita Körner, Roland...","Using the CNI Model to Investigate Indiv..."
"339","accessib","krol-et-al-2019-self-concept-clarity-and-the-bodily-self-malleability-across-modalities.pdf",2,"Sonia A. Krol, Rémi ...","Self-Concept Clarity and the Bodily Self..."
"340","disab","ksenofontov-becker-2019-the-harmful-side-of-thanks-thankful-responses-to-high-power-group-help-undermine-low-power.pdf",14,"Inna Ksenofontov and...","The Harmful Side of Thanks: Thankful Res..."
"341","accessib","ksenofontov-becker-2019-the-harmful-side-of-thanks-thankful-responses-to-high-power-group-help-undermine-low-power.pdf",12,"Inna Ksenofontov and...","The Harmful Side of Thanks: Thankful Res..."
"342","Defect","ksenofontov-becker-2019-the-harmful-side-of-thanks-thankful-responses-to-high-power-group-help-undermine-low-power.pdf",2,"Inna Ksenofontov and...","The Harmful Side of Thanks: Thankful Res..."
"343","accessib","kuijpers-et-al-2021-do-you-feel-better-when-you-behave-more-extraverted-than-you-are-the-relationship-between.pdf",18,"E. Kuijpers, J. Pick...","Do You Feel Better When You Behave More ..."
"344","Defect","kunst-et-al-2021-knowledge-about-individuals-interracial-friendships-is-systematically-associated-with-mental.pdf",2,"Jonas R. Kunst, Ivuo...","Knowledge About Individuals Interracial..."
"345","disab","lam-zhou-2021-an-examination-of-the-conceptual-structure-of-long-term-goal-striving.pdf",3,"Kelly Ka Lai Lam and...","An Examination of the Conceptual Structu..."
"346","disab","lam-zhou-2021-an-examination-of-the-conceptual-structure-of-long-term-goal-striving.pdf",14,"Kelly Ka Lai Lam and...","An Examination of the Conceptual Structu..."
"347","frail","lam-zhou-2021-an-examination-of-the-conceptual-structure-of-long-term-goal-striving.pdf",12,"Kelly Ka Lai Lam and...","An Examination of the Conceptual Structu..."
"348","frail","lam-zhou-2021-an-examination-of-the-conceptual-structure-of-long-term-goal-striving.pdf",16,"Kelly Ka Lai Lam and...","An Examination of the Conceptual Structu..."
"349","accessib","lammers-et-al-2021-why-people-hate-congress-but-love-their-own-congressperson-an-information-processing-explanation.pdf",2,"Joris Lammers, Eilee...","Why People Hate Congress but Love Their ..."
"350","accessib","lammers-et-al-2021-why-people-hate-congress-but-love-their-own-congressperson-an-information-processing-explanation.pdf",14,"Joris Lammers, Eilee...","Why People Hate Congress but Love Their ..."
"351","Malaise","lammers-et-al-2021-why-people-hate-congress-but-love-their-own-congressperson-an-information-processing-explanation.pdf",13,"Joris Lammers, Eilee...","Why People Hate Congress but Love Their ..."
"352","Dysfunction","lange-et-al-2017-elucidating-the-dark-side-of-envy-distinctive-links-of-benign-and-malicious-envy-with-dark.pdf",11,"Jens Lange, Delroy L...","Elucidating the Dark Side of Envy: Disti..."
"353","deficien","lange-et-al-2017-elucidating-the-dark-side-of-envy-distinctive-links-of-benign-and-malicious-envy-with-dark.pdf",11,"Jens Lange, Delroy L...","Elucidating the Dark Side of Envy: Disti..."
"354","disab","law-et-al-2021-biased-benevolence-the-perceived-morality-of-effective-altruism-across-social-distance.pdf",17,"Kyle Fiore Law, Dyla...","Biased Benevolence: The Perceived Morali..."
"355","accessib","leckelt-et-al-2019-a-longitudinal-field-investigation-of-narcissism-and-popularity-over-time-how-agentic-and.pdf",9,"Marius Leckelt, Kath...","A Longitudinal Field Investigation of Na..."
"356","Impairment","lee-et-al-2017-i-through-we-how-supportive-social-relationships-facilitate-personal-growth.pdf",6,"David S. Lee, Oscar ...","I-Through-We: How Supportive Social Rela..."
"357","accessib","lee-et-al-2017-i-through-we-how-supportive-social-relationships-facilitate-personal-growth.pdf",9,"David S. Lee, Oscar ...","I-Through-We: How Supportive Social Rela..."
"358","disab","legate-et-al-2017-daily-autonomy-support-and-sexual-identity-disclosure-predicts-daily-mental-and-physical-health.pdf",1,"Nicole Legate, Richa...","Daily Autonomy Support and Sexual Identi..."
"359","Dysfunction","leong-et-al-2019-is-gratitude-always-beneficial-to-interpersonal-relationships-the-interplay-of-grateful-disposition.pdf",12,"Joyce L. T. Leong, S...","Is Gratitude Always Beneficial to Interp..."
"360","accessib","leong-et-al-2019-is-gratitude-always-beneficial-to-interpersonal-relationships-the-interplay-of-grateful-disposition.pdf",2,"Joyce L. T. Leong, S...","Is Gratitude Always Beneficial to Interp..."
"361","accessib","li-edwards-2020-the-relationship-between-system-justification-and-perspective-taking-and-empathy.pdf",11,"Zheng Li and John A....","The Relationship Between System Justific..."
"362","accessib","li-et-al-2019-stepping-into-perpetrators-shoes-how-ingroup-transgressions-and-victimization-shape-support-for.pdf",15,"Mengyao Li, Bernhard...","Stepping into Perpetrators Shoes: How I..."
"363","Deform","li-et-al-2021-the-neural-basis-linking-achievement-motivation-with-procrastination-left-precuneus-connectivity-with.pdf",3,"Yuhua Li, Libin Zhan...","The Neural Basis Linking Achievement Mot..."
"364","deficien","li-rao-2019-do-people-believe-that-they-are-more-deontological-than-others.pdf",3,"Ming-Hui Li and Li-L...","Do People Believe That They Are More Deo..."
"365","deficien","li-rao-2019-do-people-believe-that-they-are-more-deontological-than-others.pdf",10,"Ming-Hui Li and Li-L...","Do People Believe That They Are More Deo..."
"366","accessib","lifshin-et-al-2017-the-evil-animal-a-terror-management-theory-perspective-on-the-human-tendency-to-kill-animals.pdf",2,"Uri Lifshin, Jeff Gr...","The Evil Animal: A Terror Management The..."
"367","accessib","lifshin-et-al-2017-the-evil-animal-a-terror-management-theory-perspective-on-the-human-tendency-to-kill-animals.pdf",4,"Uri Lifshin, Jeff Gr...","The Evil Animal: A Terror Management The..."
"368","accessib","lifshin-et-al-2017-the-evil-animal-a-terror-management-theory-perspective-on-the-human-tendency-to-kill-animals.pdf",5,"Uri Lifshin, Jeff Gr...","The Evil Animal: A Terror Management The..."
"369","accessib","lifshin-et-al-2017-the-evil-animal-a-terror-management-theory-perspective-on-the-human-tendency-to-kill-animals.pdf",8,"Uri Lifshin, Jeff Gr...","The Evil Animal: A Terror Management The..."
"370","accessib","lifshin-et-al-2017-the-evil-animal-a-terror-management-theory-perspective-on-the-human-tendency-to-kill-animals.pdf",13,"Uri Lifshin, Jeff Gr...","The Evil Animal: A Terror Management The..."
"371","accessib","lifshin-et-al-2017-the-evil-animal-a-terror-management-theory-perspective-on-the-human-tendency-to-kill-animals.pdf",14,"Uri Lifshin, Jeff Gr...","The Evil Animal: A Terror Management The..."
"372","accessib","lifshin-et-al-2017-the-evil-animal-a-terror-management-theory-perspective-on-the-human-tendency-to-kill-animals.pdf",15,"Uri Lifshin, Jeff Gr...","The Evil Animal: A Terror Management The..."
"373","Handicap","lifshin-et-al-2017-the-evil-animal-a-terror-management-theory-perspective-on-the-human-tendency-to-kill-animals.pdf",15,"Uri Lifshin, Jeff Gr...","The Evil Animal: A Terror Management The..."
"374","accessib","light-et-al-2017-self-uncertainty-and-the-influence-of-alternative-goals-on-self-regulation.pdf",1,"Alysson E. Light, Ki...","Self-Uncertainty and the Influence of Al..."
"375","accessib","light-et-al-2017-self-uncertainty-and-the-influence-of-alternative-goals-on-self-regulation.pdf",2,"Alysson E. Light, Ki...","Self-Uncertainty and the Influence of Al..."
"376","accessib","light-et-al-2017-self-uncertainty-and-the-influence-of-alternative-goals-on-self-regulation.pdf",4,"Alysson E. Light, Ki...","Self-Uncertainty and the Influence of Al..."
"377","accessib","light-et-al-2017-self-uncertainty-and-the-influence-of-alternative-goals-on-self-regulation.pdf",6,"Alysson E. Light, Ki...","Self-Uncertainty and the Influence of Al..."
"378","accessib","light-et-al-2017-self-uncertainty-and-the-influence-of-alternative-goals-on-self-regulation.pdf",10,"Alysson E. Light, Ki...","Self-Uncertainty and the Influence of Al..."
"379","accessib","light-et-al-2017-self-uncertainty-and-the-influence-of-alternative-goals-on-self-regulation.pdf",13,"Alysson E. Light, Ki...","Self-Uncertainty and the Influence of Al..."
"380","accessib","lin-oyserman-2020-upright-and-honorable-people-use-space-to-understand-honor-affecting-choice-and-perception.pdf",1,"Ying Lin and Daphna ...","Upright and Honorable: People Use Space ..."
"381","accessib","lin-oyserman-2020-upright-and-honorable-people-use-space-to-understand-honor-affecting-choice-and-perception.pdf",2,"Ying Lin and Daphna ...","Upright and Honorable: People Use Space ..."
"382","accessib","lin-oyserman-2020-upright-and-honorable-people-use-space-to-understand-honor-affecting-choice-and-perception.pdf",3,"Ying Lin and Daphna ...","Upright and Honorable: People Use Space ..."
"383","accessib","lin-oyserman-2020-upright-and-honorable-people-use-space-to-understand-honor-affecting-choice-and-perception.pdf",14,"Ying Lin and Daphna ...","Upright and Honorable: People Use Space ..."
"384","accessib","lin-oyserman-2020-upright-and-honorable-people-use-space-to-understand-honor-affecting-choice-and-perception.pdf",15,"Ying Lin and Daphna ...","Upright and Honorable: People Use Space ..."
"385","Syndrome","lin-oyserman-2020-upright-and-honorable-people-use-space-to-understand-honor-affecting-choice-and-perception.pdf",16,"Ying Lin and Daphna ...","Upright and Honorable: People Use Space ..."
"386","Dysfunction","liu-et-al-2018-effects-of-cultural-tightness-looseness-and-social-network-density-on-expression-of-positive-and.pdf",14,"Pan Liu, David Chan,...","Effects of Cultural TightnessLooseness ..."
"387","Syndrome","liu-et-al-2018-effects-of-cultural-tightness-looseness-and-social-network-density-on-expression-of-positive-and.pdf",15,"Pan Liu, David Chan,...","Effects of Cultural TightnessLooseness ..."
"388","Dysfunction","locke-et-al-2017-cross-situational-self-consistency-in-nine-cultures-the-importance-of-separating-influences-of-social.pdf",16,"Kenneth D. Locke, A....","Cross-Situational Self-Consistency in Ni..."
"389","accessib","lu-wan-2018-cultural-self-awareness-as-awareness-of-culture-s-influence-on-the-self-implications-for-cultural.pdf",10,"Chieh Lu and Ching W...","Cultural Self-Awareness as Awareness of ..."
"390","deficien","luke-gawronski-2021-political-ideology-and-moral-dilemma-judgments-an-analysis-using-the-cni-model.pdf",5,"Dillon M. Luke and B...","Political Ideology and Moral Dilemma Jud..."
"391","accessib","luttrell-togans-2020-the-stability-of-moralized-attitudes-over-time.pdf",13,"Andrew Luttrell and ...","The Stability of Moralized Attitudes Ove..."
"392","accessib","machia-proulx-2019-the-diverging-effects-of-need-fulfillment-obtained-from-within-and-outside-of-a-romantic-relationship.pdf",12,"Laura V. Machia and ...","The Diverging Effects of Need Fulfillmen..."
"393","accessib","maher-et-al-2019-lost-in-multidimensional-space-epistemic-motivations-define-and-distinguish-negative-affect.pdf",16,"Paul J. Maher, Wijna...","Lost in Multidimensional Space: Epistemi..."
"394","accessib","major-et-al-2018-well-being-correlates-of-perceived-positivity-resonance-evidence-from-trait-and-episode-level.pdf",17,"Brett C. Major, Khoa...","Well-Being Correlates of Perceived Posit..."
"395","Chronic illness","major-et-al-2018-well-being-correlates-of-perceived-positivity-resonance-evidence-from-trait-and-episode-level.pdf",3,"Brett C. Major, Khoa...","Well-Being Correlates of Perceived Posit..."
"396","disfigur","major-et-al-2020-the-countervailing-effects-of-weight-stigma-on-weight-loss-motivation-and-perceived-capacity-for.pdf",2,"Brenda Major, Joanne...","The Countervailing Effects of Weight Sti..."
"397","accessib","mancini-et-al-2021-outside-the-eye-of-the-storm-can-moderate-hurricane-exposure-improve-social-psychological-and.pdf",2,"Anthony D. Mancini, ...","Outside the Eye of the Storm: Can Modera..."
"398","accessib","mancini-et-al-2021-outside-the-eye-of-the-storm-can-moderate-hurricane-exposure-improve-social-psychological-and.pdf",12,"Anthony D. Mancini, ...","Outside the Eye of the Storm: Can Modera..."
"399","accessib","march-et-al-2017-in-harm-s-way-on-preferential-response-to-threatening-stimuli.pdf",11,"David S. March, Lowe...","In Harms Way: On Preferential Response ..."
"400","disab","martin-et-al-2018-intersectional-escape-older-women-elude-agentic-prescriptions-more-than-older-men.pdf",17,"Ashley E. Martin, Mi...","Intersectional Escape: Older Women Elude..."
"401","sickl","martin-et-al-2018-intersectional-escape-older-women-elude-agentic-prescriptions-more-than-older-men.pdf",16,"Ashley E. Martin, Mi...","Intersectional Escape: Older Women Elude..."
"402","accessib","martin-slepian-2018-dehumanizing-gender-the-debiasing-effects-of-gendering-human-abstracted-entities.pdf",2,"Ashley E. Martin and...","Dehumanizing Gender: The Debiasing Effec..."
"403","Malaise","mashuri-van-leeuwen-2017-predicting-support-for-reconciliation-in-separatist-conflict.pdf",12,"Ali Mashuri and Esth...","Predicting Support for Reconciliation in..."
"404","Impairment","mcgarrity-et-al-2019-minority-stress-emotion-regulation-and-executive-function-an-experimental-investigation-of-gay-and.pdf",3,"Larissa A. McGarrity...","Minority Stress, Emotion Regulation, and..."
"405","accessib","mclamore-et-al-2019-challenges-to-traditional-narratives-of-intractable-conflict-decrease-ingroup-glorification.pdf",2,"Quinnehtukqut McLamo...","Challenges to Traditional Narratives of ..."
"406","\blame","meltzer-2019-women-can-benefit-from-sexual-and-physical-valuation-in-the-context-of-a-romantic-relationship.pdf",12,"Andrea L. Meltzer","Women Can Benefit From Sexual and Physic..."
"407","\blame","meltzer-2019-women-can-benefit-from-sexual-and-physical-valuation-in-the-context-of-a-romantic-relationship.pdf",13,"Andrea L. Meltzer","Women Can Benefit From Sexual and Physic..."
"408","\blame","meltzer-2019-women-can-benefit-from-sexual-and-physical-valuation-in-the-context-of-a-romantic-relationship.pdf",14,"Andrea L. Meltzer","Women Can Benefit From Sexual and Physic..."
"409","accessib","moran-et-al-2020-can-instructions-about-stimulus-pairings-influence-automatic-and-self-reported-evaluations-in-the.pdf",14,"Tal Moran, Pieter Va...","Can (Instructions About) Stimulus Pairin..."
"410","accessib","motsenok-et-al-2021-perceived-physical-vulnerability-promotes-prosocial-behavior.pdf",2,"Marina Motsenok, Teh...","Perceived Physical Vulnerability Promote..."
"411","Ailment","murphy-et-al-2019-the-consideration-of-future-consequences-evidence-for-domain-specificity-across-five-life-domains.pdf",4,"Lisa Murphy, Eimer C...","The Consideration of Future Consequences..."
"412","accessib","napier-et-al-2018-construing-the-essence-the-effects-of-construal-level-on-genetic-attributions-for-individual-and.pdf",2,"Jaime L. Napier, Jam...","Construing the Essence: The Effects of C..."
"413","afflict","napier-et-al-2018-construing-the-essence-the-effects-of-construal-level-on-genetic-attributions-for-individual-and.pdf",11,"Jaime L. Napier, Jam...","Construing the Essence: The Effects of C..."
"414","accessib","newman-et-al-2018-name-norms-a-guide-to-casting-your-next-experiment.pdf",14,"Leonard S. Newman, M...","Name Norms: A Guide to Casting Your Next..."
"415","Impairment","newman-et-al-2021-contrasting-effects-of-finding-meaning-and-searching-for-meaning-and-political-orientation-and.pdf",12,"David B. Newman, Ste...","Contrasting Effects of Finding Meaning a..."
"416","accessib","newman-et-al-2021-contrasting-effects-of-finding-meaning-and-searching-for-meaning-and-political-orientation-and.pdf",2,"David B. Newman, Ste...","Contrasting Effects of Finding Meaning a..."
"417","accessib","nguyen-et-al-2017-solitude-as-an-approach-to-affective-self-regulation.pdf",9,"Thuy-vy T. Nguyen, R...","Solitude as an Approach to Affective Sel..."
"418","disab","o-brien-smith-2018-unconventional-consumption-methods-and-enjoying-things-consumed-recapturing-the-first-time-experience.pdf",7,"Ed OBrien and Rober...","Unconventional Consumption Methods and E..."
"419","\blame","o-brien-smith-2018-unconventional-consumption-methods-and-enjoying-things-consumed-recapturing-the-first-time-experience.pdf",1,"Ed OBrien and Rober...","Unconventional Consumption Methods and E..."
"420","Defect","obeid-et-al-2017-how-moral-perceptions-influence-intergroup-tolerance-evidence-from-lebanon-morocco-and-the-united.pdf",11,"Nadine Obeid, Nichol...","How Moral Perceptions Influence Intergro..."
"421","Handicap","oosterhoff-et-al-2017-differential-and-domain-specific-associations-among-right-wing-authoritarianism-social-dominance.pdf",2,"Benjamin Oosterhoff,...","Differential and Domain-Specific Associa..."
"422","accessib","orehek-et-al-2017-attachment-and-self-regulation.pdf",3,"Edward Orehek, Anna ...","Attachment and Self-Regulation"
"423","accessib","orehek-et-al-2017-attachment-and-self-regulation.pdf",15,"Edward Orehek, Anna ...","Attachment and Self-Regulation"
"424","Impairment","orehek-et-al-2019-self-expression-while-drinking-alcohol-alcohol-influences-personality-expression-during-first.pdf",2,"Edward Orehek, Laure...","Self-Expression While Drinking Alcohol: ..."
"425","Impairment","orehek-et-al-2019-self-expression-while-drinking-alcohol-alcohol-influences-personality-expression-during-first.pdf",11,"Edward Orehek, Laure...","Self-Expression While Drinking Alcohol: ..."
"426","Impairment","orehek-et-al-2019-self-expression-while-drinking-alcohol-alcohol-influences-personality-expression-during-first.pdf",12,"Edward Orehek, Laure...","Self-Expression While Drinking Alcohol: ..."
"427","Impairment","orehek-et-al-2019-self-expression-while-drinking-alcohol-alcohol-influences-personality-expression-during-first.pdf",14,"Edward Orehek, Laure...","Self-Expression While Drinking Alcohol: ..."
"428","Handicap","orehek-et-al-2019-self-expression-while-drinking-alcohol-alcohol-influences-personality-expression-during-first.pdf",2,"Edward Orehek, Laure...","Self-Expression While Drinking Alcohol: ..."
"429","Handicap","orehek-et-al-2019-self-expression-while-drinking-alcohol-alcohol-influences-personality-expression-during-first.pdf",14,"Edward Orehek, Laure...","Self-Expression While Drinking Alcohol: ..."
"430","Handicap","orehek-et-al-2019-self-expression-while-drinking-alcohol-alcohol-influences-personality-expression-during-first.pdf",15,"Edward Orehek, Laure...","Self-Expression While Drinking Alcohol: ..."
"431","Syndrome","orehek-human-2016-self-expression-on-social-media-do-tweets-present-accurate-and-positive-portraits-of-impulsivity-self.pdf",10,"Edward Orehek and La...","Self-Expression on Social Media"
"432","disab","pachankis-et-al-2017-the-burden-of-stigma-on-health-and-well-being-a-taxonomy-of-concealment-course-disruptiveness.pdf",1,"John E. Pachankis, M...","The Burden of Stigma on Health and Well-..."
"433","disab","pachankis-et-al-2017-the-burden-of-stigma-on-health-and-well-being-a-taxonomy-of-concealment-course-disruptiveness.pdf",2,"John E. Pachankis, M...","The Burden of Stigma on Health and Well-..."
"434","disab","pachankis-et-al-2017-the-burden-of-stigma-on-health-and-well-being-a-taxonomy-of-concealment-course-disruptiveness.pdf",3,"John E. Pachankis, M...","The Burden of Stigma on Health and Well-..."
"435","disab","pachankis-et-al-2017-the-burden-of-stigma-on-health-and-well-being-a-taxonomy-of-concealment-course-disruptiveness.pdf",5,"John E. Pachankis, M...","The Burden of Stigma on Health and Well-..."
"436","disab","pachankis-et-al-2017-the-burden-of-stigma-on-health-and-well-being-a-taxonomy-of-concealment-course-disruptiveness.pdf",8,"John E. Pachankis, M...","The Burden of Stigma on Health and Well-..."
"437","disab","pachankis-et-al-2017-the-burden-of-stigma-on-health-and-well-being-a-taxonomy-of-concealment-course-disruptiveness.pdf",13,"John E. Pachankis, M...","The Burden of Stigma on Health and Well-..."
"438","disab","pachankis-et-al-2017-the-burden-of-stigma-on-health-and-well-being-a-taxonomy-of-concealment-course-disruptiveness.pdf",22,"John E. Pachankis, M...","The Burden of Stigma on Health and Well-..."
"439","wheelchair","pachankis-et-al-2017-the-burden-of-stigma-on-health-and-well-being-a-taxonomy-of-concealment-course-disruptiveness.pdf",3,"John E. Pachankis, M...","The Burden of Stigma on Health and Well-..."
"440","wheelchair","pachankis-et-al-2017-the-burden-of-stigma-on-health-and-well-being-a-taxonomy-of-concealment-course-disruptiveness.pdf",6,"John E. Pachankis, M...","The Burden of Stigma on Health and Well-..."
"441","wheelchair","pachankis-et-al-2017-the-burden-of-stigma-on-health-and-well-being-a-taxonomy-of-concealment-course-disruptiveness.pdf",8,"John E. Pachankis, M...","The Burden of Stigma on Health and Well-..."
"442","Impairment","pachankis-et-al-2017-the-burden-of-stigma-on-health-and-well-being-a-taxonomy-of-concealment-course-disruptiveness.pdf",2,"John E. Pachankis, M...","The Burden of Stigma on Health and Well-..."
"443","Impairment","pachankis-et-al-2017-the-burden-of-stigma-on-health-and-well-being-a-taxonomy-of-concealment-course-disruptiveness.pdf",8,"John E. Pachankis, M...","The Burden of Stigma on Health and Well-..."
"444","Impairment","pachankis-et-al-2017-the-burden-of-stigma-on-health-and-well-being-a-taxonomy-of-concealment-course-disruptiveness.pdf",9,"John E. Pachankis, M...","The Burden of Stigma on Health and Well-..."
"445","Impairment","pachankis-et-al-2017-the-burden-of-stigma-on-health-and-well-being-a-taxonomy-of-concealment-course-disruptiveness.pdf",14,"John E. Pachankis, M...","The Burden of Stigma on Health and Well-..."
"446","Impairment","pachankis-et-al-2017-the-burden-of-stigma-on-health-and-well-being-a-taxonomy-of-concealment-course-disruptiveness.pdf",15,"John E. Pachankis, M...","The Burden of Stigma on Health and Well-..."
"447","Impairment","pachankis-et-al-2017-the-burden-of-stigma-on-health-and-well-being-a-taxonomy-of-concealment-course-disruptiveness.pdf",16,"John E. Pachankis, M...","The Burden of Stigma on Health and Well-..."
"448","Impairment","pachankis-et-al-2017-the-burden-of-stigma-on-health-and-well-being-a-taxonomy-of-concealment-course-disruptiveness.pdf",17,"John E. Pachankis, M...","The Burden of Stigma on Health and Well-..."
"449","Impairment","pachankis-et-al-2017-the-burden-of-stigma-on-health-and-well-being-a-taxonomy-of-concealment-course-disruptiveness.pdf",18,"John E. Pachankis, M...","The Burden of Stigma on Health and Well-..."
"450","Impairment","pachankis-et-al-2017-the-burden-of-stigma-on-health-and-well-being-a-taxonomy-of-concealment-course-disruptiveness.pdf",19,"John E. Pachankis, M...","The Burden of Stigma on Health and Well-..."
"451","Impairment","pachankis-et-al-2017-the-burden-of-stigma-on-health-and-well-being-a-taxonomy-of-concealment-course-disruptiveness.pdf",20,"John E. Pachankis, M...","The Burden of Stigma on Health and Well-..."
"452","Impairment","pachankis-et-al-2017-the-burden-of-stigma-on-health-and-well-being-a-taxonomy-of-concealment-course-disruptiveness.pdf",22,"John E. Pachankis, M...","The Burden of Stigma on Health and Well-..."
"453","functional limitation","pachankis-et-al-2017-the-burden-of-stigma-on-health-and-well-being-a-taxonomy-of-concealment-course-disruptiveness.pdf",3,"John E. Pachankis, M...","The Burden of Stigma on Health and Well-..."
"454","Handicap","pachankis-et-al-2017-the-burden-of-stigma-on-health-and-well-being-a-taxonomy-of-concealment-course-disruptiveness.pdf",22,"John E. Pachankis, M...","The Burden of Stigma on Health and Well-..."
"455","Chronic illness","pachankis-et-al-2017-the-burden-of-stigma-on-health-and-well-being-a-taxonomy-of-concealment-course-disruptiveness.pdf",1,"John E. Pachankis, M...","The Burden of Stigma on Health and Well-..."
"456","accessib","park-et-al-2017-positive-feedback-from-male-authority-figures-boosts-women-s-math-outcomes.pdf",3,"Lora E. Park, Cheryl...","Positive Feedback From Male Authority Fi..."
"457","accessib","park-et-al-2017-positive-feedback-from-male-authority-figures-boosts-women-s-math-outcomes.pdf",13,"Lora E. Park, Cheryl...","Positive Feedback From Male Authority Fi..."
"458","accessib","pelham-et-al-2017-searching-for-god-illness-related-mortality-threats-and-religious-search-volume-in-google-in-16.pdf",2,"Brett W. Pelham, Mit...","Searching for God: Illness-Related Morta..."
"459","accessib","pelham-et-al-2017-searching-for-god-illness-related-mortality-threats-and-religious-search-volume-in-google-in-16.pdf",13,"Brett W. Pelham, Mit...","Searching for God: Illness-Related Morta..."
"460","accessib","pelham-et-al-2017-searching-for-god-illness-related-mortality-threats-and-religious-search-volume-in-google-in-16.pdf",14,"Brett W. Pelham, Mit...","Searching for God: Illness-Related Morta..."
"461","afflict","pelham-et-al-2017-searching-for-god-illness-related-mortality-threats-and-religious-search-volume-in-google-in-16.pdf",10,"Brett W. Pelham, Mit...","Searching for God: Illness-Related Morta..."
"462","accessib","pereira-et-al-2018-the-ego-defensive-role-of-legitimacy-how-threat-based-justifications-protect-the-self-esteem-of.pdf",10,"Cicero Roberto Perei...","The Ego-Defensive Role of Legitimacy: Ho..."
"463","\blame","persich-et-al-2019-are-you-a-good-friend-assessing-social-relationship-competence-using-situational-judgments.pdf",12,"Michelle R. Persich,...","Are You a Good Friend? Assessing Social ..."
"464","\blame","persich-et-al-2019-are-you-a-good-friend-assessing-social-relationship-competence-using-situational-judgments.pdf",13,"Michelle R. Persich,...","Are You a Good Friend? Assessing Social ..."
"465","Dysfunction","peters-et-al-2021-the-language-of-inequality-evidence-economic-inequality-increases-wealth-category-salience.pdf",16,"Kim Peters, Jolanda ...","The Language of Inequality: Evidence Eco..."
"466","Impairment","petrocelli-whitmire-2017-emotion-decoding-and-incidental-processing-fluency-as-antecedents-of-attitude-certainty.pdf",14,"John V. Petrocelli a...","Emotion Decoding and Incidental Processi..."
"467","accessib","petrocelli-whitmire-2017-emotion-decoding-and-incidental-processing-fluency-as-antecedents-of-attitude-certainty.pdf",5,"John V. Petrocelli a...","Emotion Decoding and Incidental Processi..."
"468","\blame","pettigrew-2018-the-emergence-of-contextual-social-psychology.pdf",5,"Thomas F. Pettigrew","The Emergence of Contextual Social Psych..."
"469","Malaise","pettigrew-2018-the-emergence-of-contextual-social-psychology.pdf",1,"Thomas F. Pettigrew","The Emergence of Contextual Social Psych..."
"470","Syndrome","pettigrew-2018-the-emergence-of-contextual-social-psychology.pdf",4,"Thomas F. Pettigrew","The Emergence of Contextual Social Psych..."
"471","accessib","pham-et-al-2017-post-fight-respect-signals-valuations-of-opponent-s-fighting-performance.pdf",3,"Michael N. Pham, Nic...","Post-Fight Respect Signals Valuations of..."
"472","Handicap","pham-et-al-2017-post-fight-respect-signals-valuations-of-opponent-s-fighting-performance.pdf",3,"Michael N. Pham, Nic...","Post-Fight Respect Signals Valuations of..."
"473","Chronic illness","phillips-johnson-2017-interdependent-effects-of-autonomous-and-controlled-regulation-on-exercise-behavior.pdf",5,"L. Alison Phillips a...","Interdependent Effects of Autonomous and..."
"474","Ailment","poon-et-al-2020-beliefs-in-conspiracy-theories-following-ostracism.pdf",2,"Kai-Tak Poon, Zhansh...","Beliefs in Conspiracy Theories Following..."
"475","Syndrome","poon-et-al-2020-beliefs-in-conspiracy-theories-following-ostracism.pdf",4,"Kai-Tak Poon, Zhansh...","Beliefs in Conspiracy Theories Following..."
"476","Dysfunction","posavac-et-al-2021-the-utility-of-clinical-psychology-concepts-for-judgment-and-decision-making-research-the-case-of.pdf",10,"Steven S. Posavac, F...","The Utility of Clinical Psychology Conce..."
"477","Dysfunction","posavac-et-al-2021-the-utility-of-clinical-psychology-concepts-for-judgment-and-decision-making-research-the-case-of.pdf",12,"Steven S. Posavac, F...","The Utility of Clinical Psychology Conce..."
"478","accessib","prinsen-et-al-2018-does-self-licensing-benefit-self-regulation-over-time-an-ecological-momentary-assessment-study-of.pdf",4,"Sosja Prinsen, Catha...","Does Self-Licensing Benefit Self-Regulat..."
"479","Deform","re-rule-2017-distinctive-facial-cues-predict-leadership-rank-and-selection.pdf",9,"Daniel E. Re and Nic...","Distinctive Facial Cues Predict Leadersh..."
"480","accessib","rees-et-al-2018-implementation-intentions-reduce-implicit-stereotype-activation-and-application.pdf",1,"Heather Rose Rees, A...","Implementation Intentions Reduce Implici..."
"481","accessib","rees-et-al-2018-implementation-intentions-reduce-implicit-stereotype-activation-and-application.pdf",14,"Heather Rose Rees, A...","Implementation Intentions Reduce Implici..."
"482","accessib","rees-et-al-2019-examining-the-relationships-among-categorization-stereotype-activation-and-stereotype-application.pdf",1,"Heather Rose Rees, D...","Examining the Relationships Among Catego..."
"483","accessib","rees-et-al-2019-examining-the-relationships-among-categorization-stereotype-activation-and-stereotype-application.pdf",11,"Heather Rose Rees, D...","Examining the Relationships Among Catego..."
"484","accessib","ren-et-al-2020-seeking-solitude-after-being-ostracized-a-replication-and-beyond.pdf",11,"Dongning Ren, Eric D...","Seeking Solitude After Being Ostracized:..."
"485","Dysfunction","rholes-et-al-2020-support-processes-predict-declines-in-attachment-avoidance-across-the-transition-to-parenthood (1).pdf",15,"W. Steven Rholes, Ja...","Support Processes Predict Declines in At..."
"486","Dysfunction","rholes-et-al-2020-support-processes-predict-declines-in-attachment-avoidance-across-the-transition-to-parenthood.pdf",16,"W. Steven Rholes, Ja...","Support Processes Predict Declines in At..."
"487","accessib","rivers-et-al-2019-on-the-roles-of-stereotype-activation-and-application-in-diminishing-implicit-bias.pdf",1,"Andrew M. Rivers, Je...","On the Roles of Stereotype Activation an..."
"488","accessib","rivers-et-al-2019-on-the-roles-of-stereotype-activation-and-application-in-diminishing-implicit-bias.pdf",10,"Andrew M. Rivers, Je...","On the Roles of Stereotype Activation an..."
"489","accessib","rivers-et-al-2019-on-the-roles-of-stereotype-activation-and-application-in-diminishing-implicit-bias.pdf",14,"Andrew M. Rivers, Je...","On the Roles of Stereotype Activation an..."
"490","accessib","rivers-et-al-2019-on-the-roles-of-stereotype-activation-and-application-in-diminishing-implicit-bias.pdf",15,"Andrew M. Rivers, Je...","On the Roles of Stereotype Activation an..."
"491","accessib","rivers-hahn-2018-what-cognitive-mechanisms-do-people-reflect-on-when-they-predict-iat-scores.pdf",1,"Andrew M. Rivers and...","What Cognitive Mechanisms Do People Refl..."
"492","accessib","rivers-hahn-2018-what-cognitive-mechanisms-do-people-reflect-on-when-they-predict-iat-scores.pdf",2,"Andrew M. Rivers and...","What Cognitive Mechanisms Do People Refl..."
"493","accessib","rivers-hahn-2018-what-cognitive-mechanisms-do-people-reflect-on-when-they-predict-iat-scores.pdf",3,"Andrew M. Rivers and...","What Cognitive Mechanisms Do People Refl..."
"494","accessib","rivers-hahn-2018-what-cognitive-mechanisms-do-people-reflect-on-when-they-predict-iat-scores.pdf",4,"Andrew M. Rivers and...","What Cognitive Mechanisms Do People Refl..."
"495","accessib","rivers-hahn-2018-what-cognitive-mechanisms-do-people-reflect-on-when-they-predict-iat-scores.pdf",10,"Andrew M. Rivers and...","What Cognitive Mechanisms Do People Refl..."
"496","accessib","rivers-hahn-2018-what-cognitive-mechanisms-do-people-reflect-on-when-they-predict-iat-scores.pdf",13,"Andrew M. Rivers and...","What Cognitive Mechanisms Do People Refl..."
"497","accessib","rocklage-fazio-2017-attitude-accessibility-as-a-function-of-emotionality.pdf",1,"Matthew D. Rocklage ...","Attitude Accessibility as a Function of ..."
"498","accessib","rocklage-fazio-2017-attitude-accessibility-as-a-function-of-emotionality.pdf",2,"Matthew D. Rocklage ...","Attitude Accessibility as a Function of ..."
"499","accessib","rocklage-fazio-2017-attitude-accessibility-as-a-function-of-emotionality.pdf",3,"Matthew D. Rocklage ...","Attitude Accessibility as a Function of ..."
"500","accessib","rocklage-fazio-2017-attitude-accessibility-as-a-function-of-emotionality.pdf",4,"Matthew D. Rocklage ...","Attitude Accessibility as a Function of ..."
"501","accessib","rocklage-fazio-2017-attitude-accessibility-as-a-function-of-emotionality.pdf",5,"Matthew D. Rocklage ...","Attitude Accessibility as a Function of ..."
"502","accessib","rocklage-fazio-2017-attitude-accessibility-as-a-function-of-emotionality.pdf",6,"Matthew D. Rocklage ...","Attitude Accessibility as a Function of ..."
"503","accessib","rocklage-fazio-2017-attitude-accessibility-as-a-function-of-emotionality.pdf",7,"Matthew D. Rocklage ...","Attitude Accessibility as a Function of ..."
"504","accessib","rocklage-fazio-2017-attitude-accessibility-as-a-function-of-emotionality.pdf",8,"Matthew D. Rocklage ...","Attitude Accessibility as a Function of ..."
"505","accessib","rocklage-fazio-2017-attitude-accessibility-as-a-function-of-emotionality.pdf",9,"Matthew D. Rocklage ...","Attitude Accessibility as a Function of ..."
"506","accessib","rocklage-fazio-2017-attitude-accessibility-as-a-function-of-emotionality.pdf",10,"Matthew D. Rocklage ...","Attitude Accessibility as a Function of ..."
"507","accessib","rocklage-fazio-2017-attitude-accessibility-as-a-function-of-emotionality.pdf",11,"Matthew D. Rocklage ...","Attitude Accessibility as a Function of ..."
"508","accessib","rocklage-fazio-2017-attitude-accessibility-as-a-function-of-emotionality.pdf",12,"Matthew D. Rocklage ...","Attitude Accessibility as a Function of ..."
"509","accessib","rocklage-fazio-2017-attitude-accessibility-as-a-function-of-emotionality.pdf",13,"Matthew D. Rocklage ...","Attitude Accessibility as a Function of ..."
"510","accessib","rohner-lai-2020-a-diffusion-model-approach-for-understanding-the-impact-of-17-interventions-on-the-race-implicit.pdf",6,"Jessica Röhner and C...","A Diffusion Model Approach for Understan..."
"511","disab","rudman-saud-2020-justifying-social-inequalities-the-role-of-social-darwinism.pdf",9,"Laurie A. Rudman and...","Justifying Social Inequalities: The Role..."
"512","maim","rutjens-et-al-2017-not-all-skepticism-is-equal-exploring-the-ideological-antecedents-of-science-acceptance-and-rejection.pdf",10,"Bastiaan T. Rutjens,...","Not All Skepticism Is Equal: Exploring t..."
"513","maim","rutjens-et-al-2017-not-all-skepticism-is-equal-exploring-the-ideological-antecedents-of-science-acceptance-and-rejection.pdf",14,"Bastiaan T. Rutjens,...","Not All Skepticism Is Equal: Exploring t..."
"514","Dysfunction","sagioglou-et-al-2018-belief-in-social-mobility-mitigates-hostility-resulting-from-disadvantaged-social-standing.pdf",12,"Christina Sagioglou,...","Belief in Social Mobility Mitigates Host..."
"515","Immobile","sagioglou-et-al-2018-belief-in-social-mobility-mitigates-hostility-resulting-from-disadvantaged-social-standing.pdf",13,"Christina Sagioglou,...","Belief in Social Mobility Mitigates Host..."
"516","disab","saguy-et-al-2019-justice-agents-discriminated-group-members-are-perceived-to-be-highly-committed-to-social-justice.pdf",2,"Tamar Saguy, Saulo F...","Justice Agents: Discriminated Group Memb..."
"517","disab","saguy-et-al-2019-justice-agents-discriminated-group-members-are-perceived-to-be-highly-committed-to-social-justice.pdf",3,"Tamar Saguy, Saulo F...","Justice Agents: Discriminated Group Memb..."
"518","disab","saguy-et-al-2019-justice-agents-discriminated-group-members-are-perceived-to-be-highly-committed-to-social-justice.pdf",4,"Tamar Saguy, Saulo F...","Justice Agents: Discriminated Group Memb..."
"519","disab","saguy-et-al-2019-justice-agents-discriminated-group-members-are-perceived-to-be-highly-committed-to-social-justice.pdf",5,"Tamar Saguy, Saulo F...","Justice Agents: Discriminated Group Memb..."
"520","disab","saguy-et-al-2019-justice-agents-discriminated-group-members-are-perceived-to-be-highly-committed-to-social-justice.pdf",7,"Tamar Saguy, Saulo F...","Justice Agents: Discriminated Group Memb..."
"521","disab","saguy-et-al-2019-justice-agents-discriminated-group-members-are-perceived-to-be-highly-committed-to-social-justice.pdf",11,"Tamar Saguy, Saulo F...","Justice Agents: Discriminated Group Memb..."
"522","deficien","saguy-et-al-2019-justice-agents-discriminated-group-members-are-perceived-to-be-highly-committed-to-social-justice.pdf",10,"Tamar Saguy, Saulo F...","Justice Agents: Discriminated Group Memb..."
"523","accessib","saltsman-et-al-2020-facing-the-facets-no-association-between-dispositional-mindfulness-facets-and-positive-momentary.pdf",3,"Thomas L. Saltsman, ...","Facing the Facets: No Association Betwee..."
"524","accessib","salvatore-et-al-2016-strangers-with-benefits-attraction-to-outgroup-men-increases-as-fertility-increases-across-the.pdf",9,"Joseph F. Salvatore,...","Strangers With Benefits"
"525","disab","sawada-et-al-2017-activation-of-the-behavioral-immune-system-putting-the-brakes-on-affiliation.pdf",1,"Natsumi Sawada, Emil...","Activation of the Behavioral Immune Syst..."
"526","disab","sawada-et-al-2017-activation-of-the-behavioral-immune-system-putting-the-brakes-on-affiliation.pdf",3,"Natsumi Sawada, Emil...","Activation of the Behavioral Immune Syst..."
"527","disab","sawada-et-al-2017-activation-of-the-behavioral-immune-system-putting-the-brakes-on-affiliation.pdf",11,"Natsumi Sawada, Emil...","Activation of the Behavioral Immune Syst..."
"528","incapac","sawada-et-al-2017-activation-of-the-behavioral-immune-system-putting-the-brakes-on-affiliation.pdf",1,"Natsumi Sawada, Emil...","Activation of the Behavioral Immune Syst..."
"529","accessib","scherer-et-al-2017-the-influence-of-effortful-thought-and-cognitive-proficiencies-on-the-conjunction-fallacy.pdf",14,"Laura D. Scherer, J....","The Influence of Effortful Thought and C..."
"530","Dysfunction","sheldon-et-al-2018-feeling-interpersonally-controlled-while-pursuing-materialistic-goals-a-problematic-combination-for.pdf",2,"Kennon M. Sheldon, N...","Feeling Interpersonally Controlled While..."
"531","Handicap","sheldon-et-al-2018-feeling-interpersonally-controlled-while-pursuing-materialistic-goals-a-problematic-combination-for.pdf",4,"Kennon M. Sheldon, N...","Feeling Interpersonally Controlled While..."
"532","accessib","shin-et-al-2018-darling-get-closer-to-me-spatial-proximity-amplifies-interpersonal-liking.pdf",1,"Ji-eun Shin, Eunkook...","Darling, Get Closer to Me: Spatial Proxi..."
"533","accessib","shin-et-al-2018-darling-get-closer-to-me-spatial-proximity-amplifies-interpersonal-liking.pdf",2,"Ji-eun Shin, Eunkook...","Darling, Get Closer to Me: Spatial Proxi..."
"534","accessib","shin-et-al-2018-darling-get-closer-to-me-spatial-proximity-amplifies-interpersonal-liking.pdf",3,"Ji-eun Shin, Eunkook...","Darling, Get Closer to Me: Spatial Proxi..."
"535","accessib","shin-et-al-2018-darling-get-closer-to-me-spatial-proximity-amplifies-interpersonal-liking.pdf",6,"Ji-eun Shin, Eunkook...","Darling, Get Closer to Me: Spatial Proxi..."
"536","accessib","shin-et-al-2018-darling-get-closer-to-me-spatial-proximity-amplifies-interpersonal-liking.pdf",7,"Ji-eun Shin, Eunkook...","Darling, Get Closer to Me: Spatial Proxi..."
"537","accessib","shin-et-al-2018-darling-get-closer-to-me-spatial-proximity-amplifies-interpersonal-liking.pdf",8,"Ji-eun Shin, Eunkook...","Darling, Get Closer to Me: Spatial Proxi..."
"538","debilit","shrira-2019-population-diversity-and-ancestral-diversity-as-distinct-contributors-to-outgroup-prejudice.pdf",4,"Ilan Shrira","Population Diversity and Ancestral Diver..."
"539","incapac","sim-et-al-2021-bodies-and-minds-heavier-weight-targets-are-de-mentalized-as-lacking-in-mental-agency.pdf",9,"Mattea Sim, Steven M...","Bodies and Minds: Heavier Weight Targets..."
"540","Impairment","simantov-nachlieli-et-al-2016-agents-of-reconciliation-agency-affirmation-promotes-constructive-tendencies-following.pdf",11,"Ilanit SimanTov-Nach...","Agents of Reconciliation"
"541","sickl","singh-et-al-2021-does-cross-race-contact-improve-cross-race-face-perception-a-meta-analysis-of-the-cross-race-deficit.pdf",21,"Balbir Singh, Christ...","Does Cross-Race Contact Improve Cross-Ra..."
"542","accessib","skinner-perry-2019-are-attitudes-contagious-exposure-to-biased-nonverbal-signals-can-create-novel-social-attitudes.pdf",11,"Allison L. Skinner a...","Are Attitudes Contagious? Exposure to Bi..."
"543","disab","skitka-et-al-2020-the-gender-gap-who-is-and-is-not-included-on-graduate-level-syllabi-in-social-personality-psychology.pdf",8,"Linda J. Skitka, Zac...","The Gender Gap: Who Is (and Is Not) Incl..."
"544","accessib","slepian-et-al-2018-the-solitude-of-secrecy-thinking-about-secrets-evokes-goal-conflict-and-feelings-of-fatigue.pdf",2,"Michael L. Slepian, ...","The Solitude of Secrecy: Thinking About ..."
"545","accessib","slepian-et-al-2018-the-solitude-of-secrecy-thinking-about-secrets-evokes-goal-conflict-and-feelings-of-fatigue.pdf",17,"Michael L. Slepian, ...","The Solitude of Secrecy: Thinking About ..."
"546","disab","sorokowska-et-al-2021-blindness-but-not-hmha-anosmia-predicts-loneliness-a-psychophysical-study.pdf",5,"Agnieszka Sorokowska...","Blindness, But Not HMHA Anosmia, Predict..."
"547","disab","sorokowska-et-al-2021-blindness-but-not-hmha-anosmia-predicts-loneliness-a-psychophysical-study.pdf",9,"Agnieszka Sorokowska...","Blindness, But Not HMHA Anosmia, Predict..."
"548","Dysfunction","sorokowska-et-al-2021-blindness-but-not-hmha-anosmia-predicts-loneliness-a-psychophysical-study.pdf",1,"Agnieszka Sorokowska...","Blindness, But Not HMHA Anosmia, Predict..."
"549","Dysfunction","sorokowska-et-al-2021-blindness-but-not-hmha-anosmia-predicts-loneliness-a-psychophysical-study.pdf",10,"Agnieszka Sorokowska...","Blindness, But Not HMHA Anosmia, Predict..."
"550","Impairment","sorokowska-et-al-2021-blindness-but-not-hmha-anosmia-predicts-loneliness-a-psychophysical-study.pdf",3,"Agnieszka Sorokowska...","Blindness, But Not HMHA Anosmia, Predict..."
"551","Impairment","sorokowska-et-al-2021-blindness-but-not-hmha-anosmia-predicts-loneliness-a-psychophysical-study.pdf",4,"Agnieszka Sorokowska...","Blindness, But Not HMHA Anosmia, Predict..."
"552","Impairment","sorokowska-et-al-2021-blindness-but-not-hmha-anosmia-predicts-loneliness-a-psychophysical-study.pdf",5,"Agnieszka Sorokowska...","Blindness, But Not HMHA Anosmia, Predict..."
"553","Impairment","sorokowska-et-al-2021-blindness-but-not-hmha-anosmia-predicts-loneliness-a-psychophysical-study.pdf",7,"Agnieszka Sorokowska...","Blindness, But Not HMHA Anosmia, Predict..."
"554","Impairment","sorokowska-et-al-2021-blindness-but-not-hmha-anosmia-predicts-loneliness-a-psychophysical-study.pdf",9,"Agnieszka Sorokowska...","Blindness, But Not HMHA Anosmia, Predict..."
"555","Handicap","stamkou-et-al-2018-cultural-collectivism-and-tightness-moderate-responses-to-norm-violators-effects-on-power-perception.pdf",18,"Eftychia Stamkou, Ge...","Cultural Collectivism and Tightness Mode..."
"556","Syndrome","stamkou-et-al-2018-cultural-collectivism-and-tightness-moderate-responses-to-norm-violators-effects-on-power-perception.pdf",3,"Eftychia Stamkou, Ge...","Cultural Collectivism and Tightness Mode..."
"557","accessib","stanaland-gaither-2021-be-a-man-the-role-of-social-pressure-in-eliciting-men-s-aggressive-cognition.pdf",11,"Adam Stanaland and S...","Be a Man: The Role of Social Pressure ..."
"558","Syndrome","stern-axt-2021-were-americans-political-attitudes-linked-to-objective-threats-from-covid-19-an-examination-of-data-from.pdf",18,"Chadly Stern and Jor...","Were Americans Political Attitudes Link..."
"559","Defect","stewart-et-al-2018-deception-detection-and-truth-detection-are-dependent-on-different-cognitive-and-emotional-traits-an.pdf",3,"Suzanne L. K. Stewar...","Deception Detection and Truth Detection ..."
"560","Syndrome","stewart-et-al-2018-deception-detection-and-truth-detection-are-dependent-on-different-cognitive-and-emotional-traits-an.pdf",12,"Suzanne L. K. Stewar...","Deception Detection and Truth Detection ..."
"561","accessib","strick-papies-2017-a-brief-mindfulness-exercise-promotes-the-correspondence-between-the-implicit-affiliation-motive-and.pdf",1,"Madelijn Strick and ...","A Brief Mindfulness Exercise Promotes th..."
"562","accessib","strick-papies-2017-a-brief-mindfulness-exercise-promotes-the-correspondence-between-the-implicit-affiliation-motive-and.pdf",2,"Madelijn Strick and ...","A Brief Mindfulness Exercise Promotes th..."
"563","accessib","strick-papies-2017-a-brief-mindfulness-exercise-promotes-the-correspondence-between-the-implicit-affiliation-motive-and.pdf",3,"Madelijn Strick and ...","A Brief Mindfulness Exercise Promotes th..."
"564","accessib","strick-papies-2017-a-brief-mindfulness-exercise-promotes-the-correspondence-between-the-implicit-affiliation-motive-and.pdf",11,"Madelijn Strick and ...","A Brief Mindfulness Exercise Promotes th..."
"565","accessib","strick-papies-2017-a-brief-mindfulness-exercise-promotes-the-correspondence-between-the-implicit-affiliation-motive-and.pdf",15,"Madelijn Strick and ...","A Brief Mindfulness Exercise Promotes th..."
"566","accessib","sturmer-et-al-2018-muslim-immigration-critical-events-and-the-seeds-of-majority-members-support-for-radical-responses.pdf",9,"Stefan Stürmer, Anet...","Muslim Immigration, Critical Events, and..."
"567","disab","syrda-2019-spousal-relative-income-and-male-psychological-distress.pdf",5,"Joanna Syrda","Spousal Relative Income and Male Psychol..."
"568","disab","syrda-2019-spousal-relative-income-and-male-psychological-distress.pdf",10,"Joanna Syrda","Spousal Relative Income and Male Psychol..."
"569","Dysfunction","syrda-2019-spousal-relative-income-and-male-psychological-distress.pdf",3,"Joanna Syrda","Spousal Relative Income and Male Psychol..."
"570","accessib","talhelm-2018-hong-kong-liberals-are-weird-analytic-thought-increases-support-for-liberal-policies.pdf",3,"Thomas Talhelm","Hong Kong Liberals Are WEIRD: Analytic T..."
"571","accessib","talhelm-2018-hong-kong-liberals-are-weird-analytic-thought-increases-support-for-liberal-policies.pdf",11,"Thomas Talhelm","Hong Kong Liberals Are WEIRD: Analytic T..."
"572","Defect","talhelm-2018-hong-kong-liberals-are-weird-analytic-thought-increases-support-for-liberal-policies.pdf",11,"Thomas Talhelm","Hong Kong Liberals Are WEIRD: Analytic T..."
"573","Defect","ten-brinke-et-al-2017-hedge-fund-managers-with-psychopathic-tendencies-make-for-worse-investors.pdf",9,"Leanne ten Brinke, A...","Hedge Fund Managers With Psychopathic Te..."
"574","disab","teunisse-et-al-2019-i-should-have-known-better-development-of-a-self-report-measure-of-gullibility.pdf",15,"Alessandra K. Teunis...","I Should Have Known Better: Development ..."
"575","Impairment","teunisse-et-al-2019-i-should-have-known-better-development-of-a-self-report-measure-of-gullibility.pdf",3,"Alessandra K. Teunis...","I Should Have Known Better: Development ..."
"576","deficien","teunisse-et-al-2019-i-should-have-known-better-development-of-a-self-report-measure-of-gullibility.pdf",15,"Alessandra K. Teunis...","I Should Have Known Better: Development ..."
"577","accessib","thiem-et-al-2019-are-black-women-and-girls-associated-with-danger-implicit-racial-bias-at-the-intersection-of-target.pdf",13,"Kelsey C. Thiem, Reb...","Are Black Women and Girls Associated Wit..."
"578","deficien","thorstenson-et-al-2019-social-perception-of-facial-color-appearance-for-human-trichromatic-versus-dichromatic-color.pdf",4,"Christopher A. Thors...","Social Perception of Facial Color Appear..."
"579","deficien","thorstenson-et-al-2019-social-perception-of-facial-color-appearance-for-human-trichromatic-versus-dichromatic-color.pdf",9,"Christopher A. Thors...","Social Perception of Facial Color Appear..."
"580","deficien","thorstenson-et-al-2019-social-perception-of-facial-color-appearance-for-human-trichromatic-versus-dichromatic-color.pdf",12,"Christopher A. Thors...","Social Perception of Facial Color Appear..."
"581","deficien","townsend-et-al-2021-difference-education-improves-first-generation-students-grades-throughout-college-and-increases.pdf",2,"Sarah S. M. Townsend...","Difference-Education Improves First-Gene..."
"582","accessib","tripathi-et-al-2018-are-the-motivational-effects-of-autonomy-supportive-conditions-universal-contrasting-results-among.pdf",7,"Ritu Tripathi, Danie...","Are the Motivational Effects of Autonomy..."
"583","Syndrome","tsoi-mcauliffe-2019-individual-differences-in-theory-of-mind-predict-inequity-aversion-in-children.pdf",11,"Lily Tsoi and Kather...","Individual Differences in Theory of Mind..."
"584","accessib","turner-zwinkels-van-zomeren-2020-identity-expression-through-collective-action-how-identification-with-a-politicized.pdf",13,"Felicity M. Turner-Z...","Identity Expression Through Collective A..."
"585","accessib","turner-zwinkels-van-zomeren-2020-identity-expression-through-collective-action-how-identification-with-a-politicized.pdf",14,"Felicity M. Turner-Z...","Identity Expression Through Collective A..."
"586","accessib","uenal-et-al-2020-the-nature-of-islamophobia-a-test-of-a-tripartite-view-in-five-countries.pdf",15,"Fatih Uenal, Robin B...","The Nature of Islamophobia: A Test of a ..."
"587","Impairment","uziel-baumeister-2017-the-self-control-irony-desire-for-self-control-limits-exertion-of-self-control-in-demanding.pdf",3,"Liad Uziel and Roy F...","The Self-Control Irony: Desire for Self-..."
"588","Impairment","uziel-baumeister-2017-the-self-control-irony-desire-for-self-control-limits-exertion-of-self-control-in-demanding.pdf",4,"Liad Uziel and Roy F...","The Self-Control Irony: Desire for Self-..."
"589","Impairment","uziel-baumeister-2017-the-self-control-irony-desire-for-self-control-limits-exertion-of-self-control-in-demanding.pdf",10,"Liad Uziel and Roy F...","The Self-Control Irony: Desire for Self-..."
"590","debilit","uziel-baumeister-2017-the-self-control-irony-desire-for-self-control-limits-exertion-of-self-control-in-demanding.pdf",5,"Liad Uziel and Roy F...","The Self-Control Irony: Desire for Self-..."
"591","debilit","uziel-baumeister-2017-the-self-control-irony-desire-for-self-control-limits-exertion-of-self-control-in-demanding.pdf",6,"Liad Uziel and Roy F...","The Self-Control Irony: Desire for Self-..."
"592","accessib","uziel-baumeister-2017-the-self-control-irony-desire-for-self-control-limits-exertion-of-self-control-in-demanding.pdf",12,"Liad Uziel and Roy F...","The Self-Control Irony: Desire for Self-..."
"593","accessib","vail-et-al-2019-natural-but-not-supernatural-literal-immortality-affirmation-attenuates-mortality-salience-effects-on.pdf",2,"Kenneth E. Vail, III...","Natural, But Not Supernatural, Literal I..."
"594","accessib","vail-et-al-2019-natural-but-not-supernatural-literal-immortality-affirmation-attenuates-mortality-salience-effects-on.pdf",3,"Kenneth E. Vail, III...","Natural, But Not Supernatural, Literal I..."
"595","accessib","vail-et-al-2019-natural-but-not-supernatural-literal-immortality-affirmation-attenuates-mortality-salience-effects-on.pdf",6,"Kenneth E. Vail, III...","Natural, But Not Supernatural, Literal I..."
"596","accessib","vail-et-al-2019-natural-but-not-supernatural-literal-immortality-affirmation-attenuates-mortality-salience-effects-on.pdf",11,"Kenneth E. Vail, III...","Natural, But Not Supernatural, Literal I..."
"597","accessib","vail-et-al-2019-natural-but-not-supernatural-literal-immortality-affirmation-attenuates-mortality-salience-effects-on.pdf",14,"Kenneth E. Vail, III...","Natural, But Not Supernatural, Literal I..."
"598","accessib","vail-et-al-2019-natural-but-not-supernatural-literal-immortality-affirmation-attenuates-mortality-salience-effects-on.pdf",15,"Kenneth E. Vail, III...","Natural, But Not Supernatural, Literal I..."
"599","accessib","valenti-libby-2017-considering-roads-taken-and-not-taken-how-psychological-distance-influences-the-framing-of-choice.pdf",6,"Greta Valenti and Li...","Considering Roads Taken and Not Taken: H..."
"600","accessib","valenti-libby-2017-considering-roads-taken-and-not-taken-how-psychological-distance-influences-the-framing-of-choice.pdf",7,"Greta Valenti and Li...","Considering Roads Taken and Not Taken: H..."
"601","accessib","valenti-libby-2017-considering-roads-taken-and-not-taken-how-psychological-distance-influences-the-framing-of-choice.pdf",8,"Greta Valenti and Li...","Considering Roads Taken and Not Taken: H..."
"602","accessib","valenti-libby-2017-considering-roads-taken-and-not-taken-how-psychological-distance-influences-the-framing-of-choice.pdf",11,"Greta Valenti and Li...","Considering Roads Taken and Not Taken: H..."
"603","accessib","valenti-libby-2017-considering-roads-taken-and-not-taken-how-psychological-distance-influences-the-framing-of-choice.pdf",15,"Greta Valenti and Li...","Considering Roads Taken and Not Taken: H..."
"604","accessib","valenti-libby-2017-considering-roads-taken-and-not-taken-how-psychological-distance-influences-the-framing-of-choice.pdf",16,"Greta Valenti and Li...","Considering Roads Taken and Not Taken: H..."
"605","accessib","van-breen-et-al-2018-subliminal-gender-stereotypes-who-can-resist.pdf",10,"Jolien A. van Breen,...","Subliminal Gender Stereotypes: Who Can R..."
"606","incapac","van-der-toorn-et-al-2017-in-defense-of-tradition-religiosity-conservatism-and-opposition-to-same-sex-marriage-in-north.pdf",11,"Jojanneke van der To...","In Defense of Tradition: Religiosity, Co..."
"607","accessib","van-dessel-et-al-2020-illusory-correlation-effects-on-implicit-and-explicit-evaluation.pdf",14,"Pieter Van Dessel, K...","Illusory-Correlation Effects on Implicit..."
"608","accessib","van-tilburg-et-al-2018-adverse-weather-evokes-nostalgia.pdf",9,"Wijnand A. P. van Ti...","Adverse Weather Evokes Nostalgia"
"609","accessib","vargas-salfate-et-al-2018-a-comparison-of-social-dominance-theory-and-system-justification-the-role-of-social-status-in.pdf",4,"Salvador Vargas-Salf...","A Comparison of Social Dominance Theory ..."
"610","\blame","vazquez-et-al-2020-ambivalent-effects-of-positive-contact-between-women-and-men-on-collective-actions-for-women-s-rights.pdf",15,"Alexandra Vázquez, L...","Ambivalent Effects of Positive Contact B..."
"611","disab","veit-et-al-2021-the-big-two-in-hiring-discrimination-evidence-from-a-cross-national-field-experiment.pdf",4,"Susanne Veit, Hannah...","The Big Two in Hiring Discrimination: ..."
"612","maim","vishkin-et-al-2020-religiosity-and-desired-emotions-belief-maintenance-or-prosocial-facilitation.pdf",2,"Allon Vishkin, Shalo...","Religiosity and Desired Emotions: Belief..."
"613","accessib","vorauer-quesnel-2016-salient-multiculturalism-enhances-minority-group-members-feelings-of-power.pdf",5,"Jacquie D. Vorauer a...","Salient Multiculturalism Enhances Minori..."
"614","accessib","wallace-et-al-2019-perceived-knowledge-moderates-the-relation-between-subjective-ambivalence-and-the-impact-of.pdf",12,"Laura E. Wallace, Ka...","Perceived Knowledge Moderates the Relati..."
"615","disfigur","wang-ackerman-2018-the-infectiousness-of-crowds-crowding-experiences-are-amplified-by-pathogen-threats.pdf",2,"Iris M. Wang and Jos...","The Infectiousness of Crowds: Crowding E..."
"616","disfigur","wang-ackerman-2018-the-infectiousness-of-crowds-crowding-experiences-are-amplified-by-pathogen-threats.pdf",12,"Iris M. Wang and Jos...","The Infectiousness of Crowds: Crowding E..."
"617","accessib","wang-ackerman-2018-the-infectiousness-of-crowds-crowding-experiences-are-amplified-by-pathogen-threats.pdf",2,"Iris M. Wang and Jos...","The Infectiousness of Crowds: Crowding E..."
"618","accessib","wang-et-al-2018-the-cultural-boundaries-of-perspective-taking-when-and-why-perspective-taking-reduces-stereotyping.pdf",14,"Cynthia S. Wang, Mar...","The Cultural Boundaries of Perspective-T..."
"619","accessib","wang-et-al-2021-loudness-perceptions-influence-feelings-of-interpersonal-closeness-and-protect-against-detrimental.pdf",3,"Deming Wang, Ignazio...","Loudness Perceptions Influence Feelings ..."
"620","accessib","wang-et-al-2021-loudness-perceptions-influence-feelings-of-interpersonal-closeness-and-protect-against-detrimental.pdf",5,"Deming Wang, Ignazio...","Loudness Perceptions Influence Feelings ..."
"621","Defect","wang-xie-2020-halfway-to-my-request-is-not-halfway-to-my-heart-underestimating-appreciation-for-partial-help.pdf",8,"Yilu Wang and Xiaofe...","Halfway to My Request Is Not Halfway to ..."
"622","Syndrome","ward-king-2018-gender-differences-in-emotion-explain-women-s-lower-immoral-intentions-and-harsher-moral-condemnation.pdf",16,"Sarah J. Ward and La...","Gender Differences in Emotion Explain Wo..."
"623","Defect","weiner-federico-2017-authoritarianism-institutional-confidence-and-willingness-to-engage-in-collective-action-a.pdf",12,"Elliot Weiner and Ch...","Authoritarianism, Institutional Confiden..."
"624","accessib","weiss-et-al-2018-two-faced-morality-distrust-promotes-divergent-moral-standards-for-the-self-versus-others.pdf",7,"Alexa Weiss, Pascal ...","Two-Faced Morality: Distrust Promotes Di..."
"625","accessib","weiss-et-al-2018-two-faced-morality-distrust-promotes-divergent-moral-standards-for-the-self-versus-others.pdf",12,"Alexa Weiss, Pascal ...","Two-Faced Morality: Distrust Promotes Di..."
"626","Defect","weiss-et-al-2018-two-faced-morality-distrust-promotes-divergent-moral-standards-for-the-self-versus-others.pdf",9,"Alexa Weiss, Pascal ...","Two-Faced Morality: Distrust Promotes Di..."
"627","accessib","wenzel-et-al-2017-the-mandate-of-the-collective-apology-representativeness-determines-perceived-sincerity-and.pdf",9,"Michael Wenzel, Tyle...","The Mandate of the Collective: Apology R..."
"628","accessib","wenzel-et-al-2017-the-mandate-of-the-collective-apology-representativeness-determines-perceived-sincerity-and.pdf",11,"Michael Wenzel, Tyle...","The Mandate of the Collective: Apology R..."
"629","Impairment","west-2019-testing-hypersensitive-responses-ethnic-minorities-are-not-more-sensitive-to-microaggressions-they-just.pdf",8,"Keon West","Testing Hypersensitive Responses: Ethnic..."
"630","Dysfunction","whillans-et-al-2017-from-misperception-to-social-connection-correlates-and-consequences-of-overestimating-others-social.pdf",15,"Ashley V. Whillans, ...","From Misperception to Social Connection:..."
"631","deficien","whillans-et-al-2017-from-misperception-to-social-connection-correlates-and-consequences-of-overestimating-others-social.pdf",2,"Ashley V. Whillans, ...","From Misperception to Social Connection:..."
"632","disab","white-schaller-2018-are-children-perceived-to-be-morally-exceptional-different-sets-of-psychological-variables-predict.pdf",2,"Cindel J. M. White a...","Are Children Perceived to Be Morally Exc..."
"633","incapac","white-schaller-2018-are-children-perceived-to-be-morally-exceptional-different-sets-of-psychological-variables-predict.pdf",15,"Cindel J. M. White a...","Are Children Perceived to Be Morally Exc..."
"634","Defect","wice-davidai-2020-benevolent-conformity-the-influence-of-perceived-motives-on-judgments-of-conformity.pdf",12,"Matthew Wice and Sha...","Benevolent Conformity: The Influence of ..."
"635","Dysfunction","williamson-o-hara-2017-who-gets-social-support-who-gives-it-and-how-it-s-related-to-recipient-s-mood.pdf",18,"J. Austin Williamson...","Who Gets Social Support, Who Gives It, a..."
"636","Chronic illness","williamson-o-hara-2017-who-gets-social-support-who-gives-it-and-how-it-s-related-to-recipient-s-mood.pdf",22,"J. Austin Williamson...","Who Gets Social Support, Who Gives It, a..."
"637","accessib","williamson-wilkowski-2019-nipping-temptation-in-the-bud-examining-strategic-self-control-in-daily-life.pdf",14,"Laverl Z. Williamson...","Nipping Temptation in the Bud: Examining..."
"638","Syndrome","winter-leclerc-2019-developing-a-measure-of-generative-historical-consciousness-from-political-leaders-speeches.pdf",3,"David G. Winter and ...","Developing a Measure of Generative Histo..."
"639","Syndrome","winter-leclerc-2019-developing-a-measure-of-generative-historical-consciousness-from-political-leaders-speeches.pdf",4,"David G. Winter and ...","Developing a Measure of Generative Histo..."
"640","Syndrome","winter-leclerc-2019-developing-a-measure-of-generative-historical-consciousness-from-political-leaders-speeches.pdf",6,"David G. Winter and ...","Developing a Measure of Generative Histo..."
"641","accessib","wisneski-skitka-2016-moralization-through-moral-shock-exploring-emotional-antecedents-to-moral-conviction.pdf",9,"Daniel C. Wisneski a...","Moralization Through Moral Shock"
"642","accessib","xu-et-al-2020-individual-differences-in-attitude-consistency-over-time-the-personal-attitude-stability-scale.pdf",1,"Mengran Xu, Pablo Br...","Individual Differences in Attitude Consi..."
"643","accessib","xu-et-al-2020-individual-differences-in-attitude-consistency-over-time-the-personal-attitude-stability-scale.pdf",6,"Mengran Xu, Pablo Br...","Individual Differences in Attitude Consi..."
"644","accessib","xu-et-al-2020-individual-differences-in-attitude-consistency-over-time-the-personal-attitude-stability-scale.pdf",10,"Mengran Xu, Pablo Br...","Individual Differences in Attitude Consi..."
"645","disab","xu-shrout-2018-accuracy-and-bias-in-perception-of-distress-level-and-distress-change-among-same-sex-college-student.pdf",11,"Qi Xu and Patrick E....","Accuracy and Bias in Perception of Distr..."
"646","accessib","xu-shrout-2018-accuracy-and-bias-in-perception-of-distress-level-and-distress-change-among-same-sex-college-student.pdf",5,"Qi Xu and Patrick E....","Accuracy and Bias in Perception of Distr..."
"647","accessib","yantis-bonam-2020-inconceivable-middle-class-black-space-the-architecture-and-consequences-of-space-focused-stereotype.pdf",6,"Caitlyn Yantis and C...","Inconceivable Middle-Class Black Space: ..."
"648","Defect","yao-chao-2018-when-forgiveness-signals-power-effects-of-forgiveness-expression-and-forgiver-gender.pdf",6,"Donna Jingdan Yao an...","When Forgiveness Signals Power: Effects ..."
"649","Defect","yao-chao-2018-when-forgiveness-signals-power-effects-of-forgiveness-expression-and-forgiver-gender.pdf",7,"Donna Jingdan Yao an...","When Forgiveness Signals Power: Effects ..."
"650","Dysfunction","yu-et-al-2019-on-ladders-and-pyramids-hierarchy-s-shape-determines-relationships-and-performance-in-groups.pdf",2,"Siyu Yu, Lindred L. ...","On Ladders and Pyramids: Hierarchys Sha..."
"651","Dysfunction","yu-et-al-2019-on-ladders-and-pyramids-hierarchy-s-shape-determines-relationships-and-performance-in-groups.pdf",3,"Siyu Yu, Lindred L. ...","On Ladders and Pyramids: Hierarchys Sha..."
"652","Dysfunction","yu-et-al-2019-on-ladders-and-pyramids-hierarchy-s-shape-determines-relationships-and-performance-in-groups.pdf",16,"Siyu Yu, Lindred L. ...","On Ladders and Pyramids: Hierarchys Sha..."
"653","Dysfunction","zedelius-et-al-2020-lay-theories-of-the-wandering-mind-control-related-beliefs-predict-mind-wandering-rates-in-and.pdf",1,"Claire M. Zedelius, ...","Lay Theories of the Wandering Mind: Cont..."
"654","Dysfunction","zedelius-et-al-2020-lay-theories-of-the-wandering-mind-control-related-beliefs-predict-mind-wandering-rates-in-and.pdf",4,"Claire M. Zedelius, ...","Lay Theories of the Wandering Mind: Cont..."
"655","Dysfunction","zedelius-et-al-2020-lay-theories-of-the-wandering-mind-control-related-beliefs-predict-mind-wandering-rates-in-and.pdf",5,"Claire M. Zedelius, ...","Lay Theories of the Wandering Mind: Cont..."
"656","Dysfunction","zedelius-et-al-2020-lay-theories-of-the-wandering-mind-control-related-beliefs-predict-mind-wandering-rates-in-and.pdf",12,"Claire M. Zedelius, ...","Lay Theories of the Wandering Mind: Cont..."
"657","accessib","zhang-alicke-2020-my-true-self-is-better-than-yours-comparative-bias-in-true-self-judgments.pdf",16,"Yiyue Zhang and Mark...","My True Self is Better Than Yours: Compa..."
"658","disab","zhang-et-al-2018-how-do-people-judge-meaning-in-goal-directed-behaviors-the-interplay-between-self-concordance-and.pdf",17,"Hong Zhang, Kaiyuan ...","How Do People Judge Meaning in Goal-Dire..."
"659","accessib","zhang-et-al-2018-how-do-people-judge-meaning-in-goal-directed-behaviors-the-interplay-between-self-concordance-and.pdf",3,"Hong Zhang, Kaiyuan ...","How Do People Judge Meaning in Goal-Dire..."
"660","accessib","zhang-et-al-2018-how-do-people-judge-meaning-in-goal-directed-behaviors-the-interplay-between-self-concordance-and.pdf",18,"Hong Zhang, Kaiyuan ...","How Do People Judge Meaning in Goal-Dire..."
"661","Impairment","zhang-et-al-2019-a-compassionate-self-is-a-true-self-self-compassion-promotes-subjective-authenticity.pdf",13,"Jia Wei Zhang, Seren...","A Compassionate Self Is a True Self? Sel..."
"662","Handicap","zhang-north-2020-what-goes-down-when-advice-goes-up-younger-advisers-underestimate-their-impact.pdf",14,"Ting Zhang and Micha...","What Goes Down When Advice Goes Up: Youn..."
"663","Handicap","zhang-north-2020-what-goes-down-when-advice-goes-up-younger-advisers-underestimate-their-impact.pdf",15,"Ting Zhang and Micha...","What Goes Down When Advice Goes Up: Youn..."
"664","accessib","zhou-et-al-2019-conflating-temporal-advancement-and-epistemic-advancement-the-progression-bias-in-judgment-and-decision.pdf",6,"Haotian Zhou, Xilin ...","Conflating Temporal Advancement and Epis..."
"665","accessib","zhou-et-al-2019-conflating-temporal-advancement-and-epistemic-advancement-the-progression-bias-in-judgment-and-decision.pdf",8,"Haotian Zhou, Xilin ...","Conflating Temporal Advancement and Epis..."
"666","deficien","zhou-et-al-2019-conflating-temporal-advancement-and-epistemic-advancement-the-progression-bias-in-judgment-and-decision.pdf",4,"Haotian Zhou, Xilin ...","Conflating Temporal Advancement and Epis..."
"667","afflict","zhou-et-al-2019-conflating-temporal-advancement-and-epistemic-advancement-the-progression-bias-in-judgment-and-decision.pdf",7,"Haotian Zhou, Xilin ...","Conflating Temporal Advancement and Epis..."
"668","afflict","zhou-et-al-2019-conflating-temporal-advancement-and-epistemic-advancement-the-progression-bias-in-judgment-and-decision.pdf",12,"Haotian Zhou, Xilin ...","Conflating Temporal Advancement and Epis..."
"669","Dysfunction","zou-et-al-2018-nostalgia-increases-financial-risk-taking.pdf",9,"Xi Zou, Margaret Lee...","Nostalgia Increases Financial Risk Takin..."
"670","accessib","zou-et-al-2018-nostalgia-increases-financial-risk-taking.pdf",8,"Xi Zou, Margaret Lee...","Nostalgia Increases Financial Risk Takin..."
"671","accessib","zou-et-al-2018-nostalgia-increases-financial-risk-taking.pdf",11,"Xi Zou, Margaret Lee...","Nostalgia Increases Financial Risk Takin..."
"672","Dysfunction","zuckerman-et-al-2018-religion-as-an-exchange-system-the-interchangeability-of-god-and-government-in-a-provider-role.pdf",12,"Miron Zuckerman, Che...","Religion as an Exchange System: The Inte..."
